{
    "starting_win_prob": 0.447694242,
    "game_datapoints": [
        {
            "start_utc": 1695523567,
            "end_utc": 1695524562,
            "home_vals": {
                "tone_pos": 0.7744455645161291,
                "tone_neg": 0.14116139673937053,
                "emotion": 0.3188478740461236,
                "emo_pos": 0.34976666666666667,
                "emo_neg": 0.14845044682268027,
                "emo_anx": 0.0,
                "emo_anger": 0.0,
                "emo_sad": 0.3392728581713462,
                "i": 0.8845211581291758,
                "we": 0.4324384455651142,
                "you": 0.0,
                "shehe": 0.0,
                "they": 0.0,
                "conflict": 0.31275,
                "want": 0.6376999999999999,
                "comment_count": 0.08888888888888889
            },
            "away_vals": {
                "tone_pos": 0.8011312724014336,
                "tone_neg": 0.5345860675310904,
                "emotion": 0.8334955059527397,
                "emo_pos": 0.8674,
                "emo_neg": 0.4230987080972367,
                "emo_anx": 0.7880082653311387,
                "emo_anger": 0.07540538650602283,
                "emo_sad": 0.0,
                "i": 0.28508590518612786,
                "we": 1.0,
                "you": 0.0,
                "shehe": 0.17142857142857143,
                "they": 0.40346558203701066,
                "conflict": 0.0,
                "want": 0.18899999999999997,
                "comment_count": 0.3111111111111111
            },
            "neut_vals": {
                "tone_pos": 0.5898670848267622,
                "tone_neg": 0.5681801446223177,
                "emotion": 0.7697918048004244,
                "emo_pos": 0.5242222222222223,
                "emo_neg": 0.5975188563817428,
                "emo_anx": 0.0,
                "emo_anger": 0.27194111568375057,
                "emo_sad": 0.3057355411567074,
                "i": 0.5071640682999258,
                "we": 0.0,
                "you": 0.0,
                "shehe": 1.0,
                "they": 0.0,
                "conflict": 1.0,
                "want": 0.20299999999999999,
                "comment_count": 0.13333333333333333
            },
            "wp_delta": -0.17511424420000005
        },
        {
            "start_utc": 1695524562,
            "end_utc": 1695525419,
            "home_vals": {
                "tone_pos": 1.0,
                "tone_neg": 0.29292646647324777,
                "emotion": 0.8210182603499139,
                "emo_pos": 1.0,
                "emo_neg": 0.3080521009184257,
                "emo_anx": 0.0,
                "emo_anger": 0.0,
                "emo_sad": 0.7425005999520037,
                "i": 0.517021953547566,
                "we": 0.0,
                "you": 1.0,
                "shehe": 0.0,
                "they": 0.0,
                "conflict": 0.0,
                "want": 1.0,
                "comment_count": 0.07777777777777778
            },
            "away_vals": {
                "tone_pos": 0.8108124253285542,
                "tone_neg": 0.5633716734657809,
                "emotion": 0.7839869320442189,
                "emo_pos": 0.8020444444444446,
                "emo_neg": 0.38893707311784653,
                "emo_anx": 0.24515812699190978,
                "emo_anger": 0.12250947261552962,
                "emo_sad": 0.08665973388795563,
                "i": 0.7898280128681019,
                "we": 0.425458980190514,
                "you": 0.028279999999999996,
                "shehe": 0.24778666666666666,
                "they": 0.5930180930180933,
                "conflict": 0.0,
                "want": 0.09563555555555556,
                "comment_count": 1.0
            },
            "neut_vals": {
                "tone_pos": 0.7382420474910395,
                "tone_neg": 0.5263563865038805,
                "emotion": 0.758521597087437,
                "emo_pos": 0.7699066666666667,
                "emo_neg": 0.31852378149828847,
                "emo_anx": 0.3064170139740133,
                "emo_anger": 0.15149839554741742,
                "emo_sad": 0.1328233741300696,
                "i": 0.4470378619153674,
                "we": 0.047033521210323344,
                "you": 0.12572,
                "shehe": 0.21,
                "they": 0.10031635031635033,
                "conflict": 0.2571,
                "want": 0.175,
                "comment_count": 0.4444444444444444
            },
            "wp_delta": 0.1540731788
        },
        {
            "start_utc": 1695525419,
            "end_utc": 1695526331,
            "home_vals": {
                "tone_pos": 0.6902150537634407,
                "tone_neg": 0.47801357859236215,
                "emotion": 0.69004593073019,
                "emo_pos": 0.541632,
                "emo_neg": 0.4820109343782426,
                "emo_anx": 0.0,
                "emo_anger": 0.44681013071302933,
                "emo_sad": 0.3566498680105591,
                "i": 0.4947527839643653,
                "we": 0.4219519430436072,
                "you": 0.37329599999999996,
                "shehe": 0.320064,
                "they": 1.0,
                "conflict": 0.50016,
                "want": 0.27999999999999997,
                "comment_count": 0.2777777777777778
            },
            "away_vals": {
                "tone_pos": 0.6020111509358822,
                "tone_neg": 1.0,
                "emotion": 1.0,
                "emo_pos": 0.3812977777777779,
                "emo_neg": 1.0,
                "emo_anx": 1.0,
                "emo_anger": 1.0,
                "emo_sad": 0.0,
                "i": 0.6353303637713434,
                "we": 0.29357592537657795,
                "you": 0.2258666666666667,
                "shehe": 0.29418666666666665,
                "they": 0.6125356125356126,
                "conflict": 0.2889333333333333,
                "want": 0.1753422222222222,
                "comment_count": 0.5
            },
            "neut_vals": {
                "tone_pos": 0.5221120818399043,
                "tone_neg": 0.4695328492952976,
                "emotion": 0.5914124000916203,
                "emo_pos": 0.4626844444444444,
                "emo_neg": 0.3988066659439032,
                "emo_anx": 0.3611179210590832,
                "emo_anger": 0.20343914864301377,
                "emo_sad": 0.16883049356051516,
                "i": 0.3587305122494432,
                "we": 0.06921783842578859,
                "you": 0.11699333333333332,
                "shehe": 0.52008,
                "they": 0.4917304917304919,
                "conflict": 0.5,
                "want": 0.18843999999999997,
                "comment_count": 0.6666666666666666
            },
            "wp_delta": -0.12409043309999995
        },
        {
            "start_utc": 1695526332,
            "end_utc": 1695527671,
            "home_vals": {
                "tone_pos": 0.4278501516404742,
                "tone_neg": 0.8011890614503239,
                "emotion": 0.7208843404308196,
                "emo_pos": 0.11192820512820514,
                "emo_neg": 0.8425594879975596,
                "emo_anx": 0.15147943500480887,
                "emo_anger": 0.376533852485193,
                "emo_sad": 1.0,
                "i": 1.0,
                "we": 0.5798325080437213,
                "you": 0.05664615384615384,
                "shehe": 0.38695384615384615,
                "they": 0.0,
                "conflict": 0.23076923076923078,
                "want": 0.11329230769230768,
                "comment_count": 0.28888888888888886
            },
            "away_vals": {
                "tone_pos": 0.8874295013704406,
                "tone_neg": 0.2953824642624166,
                "emotion": 0.6838392190428508,
                "emo_pos": 0.7977254901960786,
                "emo_neg": 0.26504615816311183,
                "emo_anx": 0.3606528416711132,