{
    "starting_win_prob": 0.4525906444,
    "game_datapoints": [
        {
            "start_utc": 1694313768,
            "end_utc": 1694314661,
            "home_vals": {
                "tone_pos": 0.44429099876695427,
                "tone_neg": 0.7953662887253194,
                "emotion": 0.8107216767934307,
                "emo_pos": 0.48388295895066646,
                "emo_neg": 0.7842267789305312,
                "emo_anx": 0.0,
                "emo_anger": 0.398688524590164,
                "emo_sad": 0.0,
                "i": 0.3686648956356736,
                "we": 1.0,
                "you": 0.18536075522589343,
                "shehe": 0.0,
                "they": 1.0,
                "conflict": 0.17472,
                "want": 0.0,
                "comment_count": 0.2403846153846154
            },
            "away_vals": {
                "tone_pos": 0.601985852423908,
                "tone_neg": 0.768479540556844,
                "emotion": 0.8293388310928976,
                "emo_pos": 0.5351478105810966,
                "emo_neg": 0.7770036024680589,
                "emo_anx": 0.08001760387285203,
                "emo_anger": 1.0,
                "emo_sad": 0.03417043300772707,
                "i": 1.0,
                "we": 0.1895267517010026,
                "you": 0.19265713170316212,
                "shehe": 0.05126138915717329,
                "they": 0.14258663563981475,
                "conflict": 0.0,
                "want": 0.29461894736842104,
                "comment_count": 0.36538461538461536
            },
            "neut_vals": {
                "tone_pos": 0.43863151508034376,
                "tone_neg": 0.6976488748165701,
                "emotion": 0.656398782423186,
                "emo_pos": 0.3366283054031979,
                "emo_neg": 0.6298656578575713,
                "emo_anx": 0.0,
                "emo_anger": 0.776145868183339,
                "emo_sad": 0.44290413533834583,
                "i": 0.510306316074817,
                "we": 0.4871649776223057,
                "you": 0.0,
                "shehe": 0.6013444511123045,
                "they": 0.6264577786034221,
                "conflict": 0.0,
                "want": 1.0,
                "comment_count": 0.40384615384615385
            },
            "wp_delta": 0.23571214079999997
        },
        {
            "start_utc": 1694314661,
            "end_utc": 1694315344,
            "home_vals": {
                "tone_pos": 1.0,
                "tone_neg": 0.49742685502224593,
                "emotion": 0.7790185592953759,
                "emo_pos": 1.0,
                "emo_neg": 0.41781263190633816,
                "emo_anx": 0.0,
                "emo_anger": 0.0,
                "emo_sad": 0.6492382271468145,
                "i": 0.2586451612903226,
                "we": 0.8308426359380626,
                "you": 0.0,
                "shehe": 0.14239166482423174,
                "they": 0.8333333333333333,
                "conflict": 0.0,
                "want": 0.325584,
                "comment_count": 0.19230769230769232
            },
            "away_vals": {
                "tone_pos": 0.5975613097684613,
                "tone_neg": 1.0,
                "emotion": 1.0,
                "emo_pos": 0.5447754589064132,
                "emo_neg": 1.0,
                "emo_anx": 0.658811605219815,
                "emo_anger": 0.0,
                "emo_sad": 1.0,
                "i": 0.4231195445920304,
                "we": 0.09230584563677832,
                "you": 0.0,
                "shehe": 0.7260925639324933,
                "they": 0.0,
                "conflict": 0.0,
                "want": 0.0,
                "comment_count": 0.28846153846153844
            },
            "neut_vals": {
                "tone_pos": 0.9569679532688161,
                "tone_neg": 0.33554332408206483,
                "emotion": 0.5845478175406488,
                "emo_pos": 0.7356019973512405,
                "emo_neg": 0.27228497625938364,
                "emo_anx": 0.0,
                "emo_anger": 0.2246398410332837,
                "emo_sad": 0.0,
                "i": 0.6087079523891668,
                "we": 0.47184120644689603,
                "you": 1.0,
                "shehe": 0.4932114646352986,
                "they": 0.28799043753530096,
                "conflict": 0.16160000000000002,
                "want": 0.0,
                "comment_count": 0.3173076923076923
            },
            "wp_delta": -0.11651468279999999
        },
        {
            "start_utc": 1694315344,
            "end_utc": 1694316652,
            "home_vals": {
                "tone_pos": 0.6225595972050966,
                "tone_neg": 0.6000246037766795,
                "emotion": 0.6376446582010231,
                "emo_pos": 0.3499548616642769,
                "emo_neg": 0.6256109346188877,
                "emo_anx": 1.0,
                "emo_anger": 0.42345823575331776,
                "emo_sad": 0.10817931959833794,
                "i": 0.8707281783681213,
                "we": 0.455583813467771,
                "you": 0.6020260873229938,
                "shehe": 0.708602213685607,
                "they": 0.5096581057650628,
                "conflict": 0.5277,
                "want": 0.64596,
                "comment_count": 0.3076923076923077
            },
            "away_vals": {
                "tone_pos": 0.7879959021170349,
                "tone_neg": 0.5503258929350137,
                "emotion": 0.7213580283216622,
                "emo_pos": 0.8149629421793373,
                "emo_neg": 0.4565546735918082,
                "emo_anx": 0.25895607481407107,
                "emo_anger": 0.0,
                "emo_sad": 0.4044657253896721,
                "i": 0.49309920983318684,
                "we": 0.6607312734132722,
                "you": 0.21222612493835608,
                "shehe": 1.0,
                "they": 0.1751644896454011,
                "conflict": 0.0,
                "want": 0.13891343283582086,
                "comment_count": 0.6442307692307693
            },
            "neut_vals": {
                "tone_pos": 0.7290889509747305,
                "tone_neg": 0.3886773834973541,
                "emotion": 0.6290175847956246,
                "emo_pos": 0.7846340097697778,
                "emo_neg": 0.32898512862810075,
                "emo_anx": 0.09529995333150508,
                "emo_anger": 0.4273915750155634,
                "emo_sad": 0.16032075107822855,
                "i": 0.6494857444815411,
                "we": 0.1747856488424354,
                "you": 0.3734636001263261,
                "shehe": 0.7289864462088286,
                "they": 0.43709842910679103,
                "conflict": 0.2204354430379747,
                "want": 0.21946329113924049,
                "comment_count": 0.7596153846153846
            },
            "wp_delta": -0.24597439170000002
        },
        {
            "start_utc": 1694316652,
            "end_utc": 1694317867,
            "home_vals": {
                "tone_pos": 0.9208719611514512,
                "tone_neg": 0.3922935503933187,
                "emotion": 0.7022510664834465,
                "emo_pos": 0.9099259101914298,
                "emo_neg": 0.37132482714870024,
                "emo_anx": 0.0,
                "emo_anger": 0.33718449128285194,
                "emo_sad": 0.11715143120960297,
                "i": 0.7106205636376415,
                "we": 0.3591672334920445,
                "you": 0.18667116205888962,
                "shehe": 0.9970091139116126,
                "they": 0.11799836247170446,
                "conflict": 0.0,
                "want": 0.14634666666666665,
                "comment_count": 0.5192307692307693
            },
            "away_vals": {
                "tone_pos": 0.7689620285181319,
                "tone_neg": 0.5031413187308867,
                "emotion": 0.6739811363286141,