{
    "starting_win_prob": 0.447694242,
    "game_datapoints": [
        {
            "start_utc": 1700932399,
            "end_utc": 1700933236,
            "home_vals": {
                "tone_pos": 0.6948257985047281,
                "tone_neg": 0.8003971571906355,
                "emotion": 0.8885071355561718,
                "emo_pos": 0.6755339243560025,
                "emo_neg": 0.8220539417098152,
                "emo_anx": 1.0,
                "emo_anger": 1.0,
                "emo_sad": 0.4200508589801372,
                "i": 0.6038659868060957,
                "we": 0.6063735047464988,
                "you": 1.0,
                "shehe": 0.43485584551912704,
                "they": 0.39634716806173065,
                "conflict": 0.5152448452014301,
                "want": 0.18420374922657573,
                "comment_count": 0.08150470219435736
            },
            "away_vals": {
                "tone_pos": 0.5088657873116705,
                "tone_neg": 0.690311825470244,
                "emotion": 0.6999895372991862,
                "emo_pos": 0.4984747874488612,
                "emo_neg": 0.6870371419090567,
                "emo_anx": 0.536443970289257,
                "emo_anger": 0.31849369799379923,
                "emo_sad": 0.2732323322869661,
                "i": 1.0,
                "we": 0.8024735955916119,
                "you": 0.38343085106382974,
                "shehe": 1.0,
                "they": 0.23185100199918943,
                "conflict": 0.08146791062392875,
                "want": 0.3399686823198139,
                "comment_count": 0.09822361546499478
            },
            "neut_vals": {
                "tone_pos": 0.5837640620249315,
                "tone_neg": 0.5680933185252218,
                "emotion": 0.6766787651602437,
                "emo_pos": 0.5871211839797607,
                "emo_neg": 0.5262806648370882,
                "emo_anx": 0.3611699361556823,
                "emo_anger": 0.43988333493617915,
                "emo_sad": 0.26090036688515905,
                "i": 0.6979078967877184,
                "we": 0.3830800749110339,
                "you": 0.44356581125827793,
                "shehe": 0.559632703588265,
                "they": 0.6621917814077716,
                "conflict": 0.35894135574702174,
                "want": 0.42538862806295147,
                "comment_count": 0.3155694879832811
            },
            "wp_delta": 0.049684762999999965
        },
        {
            "start_utc": 1700933236,
            "end_utc": 1700934648,
            "home_vals": {
                "tone_pos": 1.0,
                "tone_neg": 0.6684223602484473,
                "emotion": 1.0,
                "emo_pos": 1.0,
                "emo_neg": 0.6379229984242328,
                "emo_anx": 0.3398612425102491,
                "emo_anger": 0.7356468035386414,
                "emo_sad": 0.06060551429523231,
                "i": 0.4065850449879488,
                "we": 0.2257277992990223,
                "you": 0.7916999999999998,
                "shehe": 0.4235717761557179,
                "they": 0.2417134861694113,
                "conflict": 0.47655121402154704,
                "want": 0.06719503670629945,
                "comment_count": 0.15673981191222572
            },
            "away_vals": {
                "tone_pos": 0.5572494340011407,
                "tone_neg": 0.8328943372174602,
                "emotion": 0.7959528264200546,
                "emo_pos": 0.522661909856721,
                "emo_neg": 0.8181131957251673,
                "emo_anx": 0.271059915400674,
                "emo_anger": 0.6561681365022741,
                "emo_sad": 0.23975622660735624,
                "i": 0.42244658859078926,
                "we": 0.5839814861397595,
                "you": 0.7826859504132231,
                "shehe": 0.5976221637627828,
                "they": 0.24680776117650527,
                "conflict": 0.87642774276112,
                "want": 0.3166389636687863,
                "comment_count": 0.25287356321839083
            },
            "neut_vals": {
                "tone_pos": 0.529787420173213,
                "tone_neg": 0.6330752892093772,
                "emotion": 0.6697006271018001,
                "emo_pos": 0.5015689831156565,
                "emo_neg": 0.6145758396484351,
                "emo_anx": 0.17410327623260852,
                "emo_anger": 0.3182056787394371,
                "emo_sad": 0.0729079854289855,
                "i": 0.48755894917802867,
                "we": 0.22515204119014026,
                "you": 0.25620724346076446,
                "shehe": 0.4728250173845357,
                "they": 0.5788401705031612,
                "conflict": 0.37623658011746314,
                "want": 0.20909688300878362,
                "comment_count": 0.5193312434691745
            },
            "wp_delta": 0.09151878960000004
        },
        {
            "start_utc": 1700934648,
            "end_utc": 1700935453,
            "home_vals": {
                "tone_pos": 0.7310145388208623,
                "tone_neg": 0.632099478872577,
                "emotion": 0.835505889663094,
                "emo_pos": 0.770502308251916,
                "emo_neg": 0.6066859994554876,
                "emo_anx": 0.4638314913563258,
                "emo_anger": 0.43038421268266047,
                "emo_sad": 0.02244469048225588,
                "i": 0.517274115277745,
                "we": 0.671387030235951,
                "you": 0.3250461647727273,
                "shehe": 0.5595496379215832,
                "they": 1.0,
                "conflict": 0.28863636363636375,
                "want": 0.1673750815231024,
                "comment_count": 0.1839080459770115
            },
            "away_vals": {
                "tone_pos": 0.418730173251143,
                "tone_neg": 0.6580396077245827,
                "emotion": 0.5817272507812171,
                "emo_pos": 0.376313021907801,
                "emo_neg": 0.6036259621571533,
                "emo_anx": 0.45838112540919784,
                "emo_anger": 0.5462585471127046,
                "emo_sad": 0.01498204371002668,
                "i": 0.3910906347345322,
                "we": 0.7140923938861164,
                "you": 0.3569607300884955,
                "shehe": 0.6493432342029358,
                "they": 0.3988730172790684,
                "conflict": 0.41797681100026046,
                "want": 0.2802181334017631,
                "comment_count": 0.2361546499477534
            },
            "neut_vals": {
                "tone_pos": 0.41989694032139346,
                "tone_neg": 0.7309504245871521,
                "emotion": 0.6271146511684359,
                "emo_pos": 0.3988645682857374,
                "emo_neg": 0.6473171654768994,
                "emo_anx": 0.41815797593335385,
                "emo_anger": 0.3753026948630288,
                "emo_sad": 0.1875991779527736,
                "i": 0.35117559794075703,
                "we": 0.32086345278321277,
                "you": 0.36421233801295905,
                "shehe": 0.41117626616528874,
                "they": 0.6445141992773611,
                "conflict": 0.4425289044893777,
                "want": 0.16265658422237173,
                "comment_count": 0.48380355276907
            },
            "wp_delta": 0.11378866430000001
        },
        {
            "start_utc": 1700935981,
            "end_utc": 1700937320,
            "home_vals": {
                "tone_pos": 0.5582294098284034,
                "tone_neg": 0.786960692469586,
                "emotion": 0.7909637123510697,
                "emo_pos": 0.5666389144880588,
                "emo_neg": 0.7690736240639099,
                "emo_anx": 0.03176384121597848,
                "emo_anger": 0.3642778216912144,
                "emo_sad": 1.0,
                "i": 0.31137714143818745,
                "we": 0.35347898667715555,
                "you": 0.687838326446281,