{
    "starting_win_prob": 0.447694242,
    "game_datapoints": [
        {
            "start_utc": 1695484841,
            "end_utc": 1695485781,
            "home_vals": {
                "tone_pos": 0.598615016140789,
                "tone_neg": 0.7433845359493997,
                "emotion": 0.766127107006658,
                "emo_pos": 0.528701698181779,
                "emo_neg": 0.6737454429547582,
                "emo_anx": 0.8194642857142856,
                "emo_anger": 0.42696133988162693,
                "emo_sad": 0.0,
                "i": 0.7636209434009327,
                "we": 0.35498113330562414,
                "you": 0.165552558539541,
                "shehe": 0.05334518223969434,
                "they": 0.21627136634823033,
                "conflict": 0.7005575335014587,
                "want": 0.6155486687327135,
                "comment_count": 0.56
            },
            "away_vals": {
                "tone_pos": 0.99979394737017,
                "tone_neg": 0.5727131161273133,
                "emotion": 0.9387581819911259,
                "emo_pos": 0.915491345132042,
                "emo_neg": 0.5486281921569442,
                "emo_anx": 0.07095744680851064,
                "emo_anger": 0.495591154980749,
                "emo_sad": 1.0,
                "i": 0.4858986627095137,
                "we": 1.0,
                "you": 0.0,
                "shehe": 0.0,
                "they": 0.0743290758336468,
                "conflict": 0.04469631691743443,
                "want": 0.167076118299262,
                "comment_count": 0.31333333333333335
            },
            "neut_vals": {
                "tone_pos": 0.8085159954678344,
                "tone_neg": 0.3656533390874465,
                "emotion": 0.7280933540913834,
                "emo_pos": 0.7664775991138776,
                "emo_neg": 0.35340103276672,
                "emo_anx": 0.09272388059701493,
                "emo_anger": 0.26642383097733846,
                "emo_sad": 0.7023048025180221,
                "i": 0.5112222320262786,
                "we": 0.1875889251330205,
                "you": 0.2807879215392488,
                "shehe": 0.11144971017126921,
                "they": 0.3728475225716155,
                "conflict": 0.14820756032919513,
                "want": 0.31840796019900497,
                "comment_count": 0.44666666666666666
            },
            "wp_delta": -0.1664273739
        },
        {
            "start_utc": 1695485781,
            "end_utc": 1695487256,
            "home_vals": {
                "tone_pos": 0.9115901280849732,
                "tone_neg": 0.4070702250816916,
                "emotion": 0.6596630449208712,
                "emo_pos": 0.6894236541074011,
                "emo_neg": 0.29527168573796764,
                "emo_anx": 0.2590449438202247,
                "emo_anger": 0.0,
                "emo_sad": 0.0,
                "i": 0.6732515658278304,
                "we": 0.05271408984533495,
                "you": 0.340101435888381,
                "shehe": 0.17573557329788814,
                "they": 0.6102047690195097,
                "conflict": 0.0,
                "want": 0.6849660457667942,
                "comment_count": 0.5933333333333334
            },
            "away_vals": {
                "tone_pos": 0.613522896736279,
                "tone_neg": 0.31570102608191597,
                "emotion": 0.5207960031142466,
                "emo_pos": 0.5282787231750832,
                "emo_neg": 0.26902381973514916,
                "emo_anx": 0.0,
                "emo_anger": 0.23266638629705397,
                "emo_sad": 0.2406623026569118,
                "i": 0.36078724837237147,
                "we": 0.3158714346145524,
                "you": 0.06315418356637038,
                "shehe": 0.23030624942184721,
                "they": 0.5640798804983106,
                "conflict": 0.1783636043025921,
                "want": 0.29632368151189864,
                "comment_count": 0.35333333333333333
            },
            "neut_vals": {
                "tone_pos": 0.4844387768166709,
                "tone_neg": 0.42513336733203966,
                "emotion": 0.47900425049867823,
                "emo_pos": 0.354878972029546,
                "emo_neg": 0.42338563110524857,
                "emo_anx": 0.02565573770491803,
                "emo_anger": 0.0,
                "emo_sad": 0.4638117542098807,
                "i": 0.4798421871990557,
                "we": 0.09309724681067158,
                "you": 0.3595771964463892,
                "shehe": 0.14142315028229838,
                "they": 0.7492975138922141,
                "conflict": 0.03016955211684796,
                "want": 0.46303923030741045,
                "comment_count": 0.4066666666666667
            },
            "wp_delta": 0.09817600249999997
        },
        {
            "start_utc": 1695487333,
            "end_utc": 1695488059,
            "home_vals": {
                "tone_pos": 0.6343123905854889,
                "tone_neg": 0.9306779739448746,
                "emotion": 0.852490736895493,
                "emo_pos": 0.5074067596840328,
                "emo_neg": 0.9121724556191997,
                "emo_anx": 0.007146226415094339,
                "emo_anger": 0.06616247656656522,
                "emo_sad": 0.16044153510460787,
                "i": 1.0,
                "we": 0.38399721970169104,
                "you": 0.30347516176879513,
                "shehe": 0.16050417911249437,
                "they": 0.1361797166185663,
                "conflict": 0.07473451674209917,
                "want": 0.3332233034492168,
                "comment_count": 0.7066666666666667
            },
            "away_vals": {
                "tone_pos": 1.0,
                "tone_neg": 0.7540418871821349,
                "emotion": 1.0,
                "emo_pos": 1.0,
                "emo_neg": 0.5527471761260633,
                "emo_anx": 0.17359375,
                "emo_anger": 0.9706153192293163,
                "emo_sad": 0.492453231292517,
                "i": 0.8700796976726779,
                "we": 0.4182782817046038,
                "you": 0.4032521695789844,
                "shehe": 0.0622858347830671,
                "they": 0.11169292851652578,
                "conflict": 0.7444671599169261,
                "want": 1.0,
                "comment_count": 0.21333333333333335
            },
            "neut_vals": {
                "tone_pos": 0.7624203257377591,
                "tone_neg": 0.4511019190866372,
                "emotion": 0.6780830255191417,
                "emo_pos": 0.625088906947675,
                "emo_neg": 0.44250369960266994,
                "emo_anx": 0.1891417910447761,
                "emo_anger": 0.09733350625038764,
                "emo_sad": 0.23890750329982735,
                "i": 0.6608950309442089,
                "we": 0.10459958465417224,
                "you": 0.14942410032632664,
                "shehe": 0.07453165927440136,
                "they": 0.2266912937235422,
                "conflict": 0.0,
                "want": 0.534764943651233,
                "comment_count": 0.44666666666666666
            },
            "wp_delta": 0.030888319100000006
        },
        {
            "start_utc": 1695488302,
            "end_utc": 1695489663,
            "home_vals": {
                "tone_pos": 0.542880349890659,
                "tone_neg": 0.9123531689686329,
                "emotion": 0.7668305409947681,
                "emo_pos": 0.39178551210961754,
                "emo_neg": 0.9031376377074328,
                "emo_anx": 0.2044,
                "emo_anger": 0.3880191411661,
                "emo_sad": 0.5522902494331066,
                "i": 0.4673000573723465,
                "we": 0.13867533801129556,
                "you": 0.2825028992872315,
                "shehe": 0.34241973746639254,
                "they": 0.39264668203945685,