{
    "starting_win_prob": 0.9155678749,
    "game_datapoints": [
        {
            "start_utc": 1693075401,
            "end_utc": 1693076213,
            "home_vals": {
                "tone_pos": 0.07490155795240543,
                "tone_neg": 0.14971497149714974,
                "emotion": 0.1997199719971997,
                "emo_pos": 0.08310775514080829,
                "emo_neg": 0.14971497149714974,
                "emo_anx": 0.0,
                "emo_anger": 0.0,
                "emo_sad": 1.0,
                "i": 0.1997199719971997,
                "we": 0.4438198091574821,
                "you": 0.0,
                "shehe": 0.0,
                "they": 0.0,
                "conflict": 0.0,
                "want": 0.6000600060006002,
                "comment_count": 0.011583011583011582
            },
            "away_vals": {
                "tone_pos": 0.5093700159489635,
                "tone_neg": 0.15003868807933424,
                "emotion": 0.39397097604497294,
                "emo_pos": 0.446485479263053,
                "emo_neg": 0.1253256904637832,
                "emo_anx": 0.12261654135338346,
                "emo_anger": 0.03807222827545912,
                "emo_sad": 0.21712697585548033,
                "i": 0.2223459188024066,
                "we": 0.17960686908483578,
                "you": 0.19894736842105262,
                "shehe": 1.0,
                "they": 0.1357025528711245,
                "conflict": 0.07972631578947369,
                "want": 0.09720972097209722,
                "comment_count": 0.07335907335907337
            },
            "neut_vals": {
                "tone_pos": 0.4682900658432059,
                "tone_neg": 0.15399654719570327,
                "emotion": 0.38641159197887,
                "emo_pos": 0.41021851695281425,
                "emo_neg": 0.1314955266018406,
                "emo_anx": 0.05789929742388759,
                "emo_anger": 0.07049229513115247,
                "emo_sad": 0.09742736568738841,
                "i": 0.14400333475970556,
                "we": 0.334196316295584,
                "you": 0.24456393442622948,
                "shehe": 0.3309280334830843,
                "they": 0.11231053742352212,
                "conflict": 0.09545245901639343,
                "want": 0.32506529341458734,
                "comment_count": 0.47104247104247104
            },
            "wp_delta": 0.01708500089999998
        },
        {
            "start_utc": 1693076245,
            "end_utc": 1693077676,
            "home_vals": {
                "tone_pos": 1.0,
                "tone_neg": 0.28022802280228026,
                "emotion": 0.6676096181046676,
                "emo_pos": 1.0,
                "emo_neg": 0.06592087780206592,
                "emo_anx": 0.0,
                "emo_anger": 0.06592087780206592,
                "emo_sad": 0.0,
                "i": 0.0,
                "we": 0.0,
                "you": 1.0,
                "shehe": 0.0,
                "they": 1.0,
                "conflict": 1.0,
                "want": 0.0,
                "comment_count": 0.013513513513513514
            },
            "away_vals": {
                "tone_pos": 0.4235391818372043,
                "tone_neg": 0.1868381282572702,
                "emotion": 0.3458012467913458,
                "emo_pos": 0.2839145599510323,
                "emo_neg": 0.1749730528608417,
                "emo_anx": 0.1863174603174603,
                "emo_anger": 0.049257703548132595,
                "emo_sad": 0.012742940960762743,
                "i": 0.13100198908779767,
                "we": 0.10247306260324976,
                "you": 0.14077777777777778,
                "shehe": 0.22938197586378117,
                "they": 0.15725388912970187,
                "conflict": 0.02921851851851852,
                "want": 0.15001500150015004,
                "comment_count": 0.2084942084942085
            },
            "neut_vals": {
                "tone_pos": 0.42307552159247125,
                "tone_neg": 0.19538729934769564,
                "emotion": 0.3846500480163848,
                "emo_pos": 0.3508007223636235,
                "emo_neg": 0.16997684324417028,
                "emo_anx": 0.07666298952013238,
                "emo_anger": 0.04746613657504748,
                "emo_sad": 0.1663863297526664,
                "i": 0.12675514655712677,
                "we": 0.15241354867066823,
                "you": 0.20489189189189183,
                "shehe": 0.17043813021829507,
                "they": 0.204982778617369,
                "conflict": 0.08960000000000001,
                "want": 0.25853087239225847,
                "comment_count": 1.0
            },
            "wp_delta": 0.059331798899999955
        },
        {
            "start_utc": 1693077710,
            "end_utc": 1693078813,
            "home_vals": {
                "tone_pos": 0.36815613764766314,
                "tone_neg": 0.19807980798079808,
                "emotion": 0.3338733873387339,
                "emo_pos": 0.22558769055420994,
                "emo_neg": 0.19807980798079808,
                "emo_anx": 0.0,
                "emo_anger": 0.06000600060006001,
                "emo_sad": 0.5498349834983498,
                "i": 0.0,
                "we": 0.591700569568755,
                "you": 0.0,
                "shehe": 0.0,
                "they": 0.16248374512353705,
                "conflict": 0.0,
                "want": 0.0,
                "comment_count": 0.019305019305019305
            },
            "away_vals": {
                "tone_pos": 0.5216709790582514,
                "tone_neg": 0.1720756981358513,
                "emotion": 0.4078200272857476,
                "emo_pos": 0.45311916173620354,
                "emo_neg": 0.13518332965372007,
                "emo_anx": 0.06643665768194071,
                "emo_anger": 0.02015295869209563,
                "emo_sad": 0.6227037798119435,
                "i": 0.12816942071565648,
                "we": 0.16505072525460324,
                "you": 0.10433962264150942,
                "shehe": 0.43201561093330954,
                "they": 0.07956301984935105,
                "conflict": 0.04310943396226414,
                "want": 0.3662177538508569,
                "comment_count": 0.20463320463320464
            },
            "neut_vals": {
                "tone_pos": 0.4129450602249952,
                "tone_neg": 0.15567962326186552,
                "emotion": 0.36147946591894253,
                "emo_pos": 0.3622839389858868,
                "emo_neg": 0.13580021596629718,
                "emo_anx": 0.032184331797235025,
                "emo_anger": 0.030056922742965543,
                "emo_sad": 0.17309242444981823,
                "i": 0.11747488112866587,
                "we": 0.38024517806139363,
                "you": 0.25843870967741933,
                "shehe": 0.256409843155268,
                "they": 0.19642182977473893,
                "conflict": 0.07805806451612904,
                "want": 0.32718479221193997,
                "comment_count": 0.8378378378378378
            },
            "wp_delta": 0.0071745197999999455
        },
        {
            "start_utc": 1693078851,
            "end_utc": 1693079898,
            "home_vals": {
                "tone_pos": 0.6598452747817155,
                "tone_neg": 0.18751875187518752,
                "emotion": 0.6280378037803782,
                "emo_pos": 0.7321377689129505,
                "emo_neg": 0.18751875187518752,
                "emo_anx": 0.0,
                "emo_anger": 0.0,
                "emo_sad": 0.0,
                "i": 0.08333333333333333,
                "we": 0.9513277609290628,
                "you": 0.0,
                "shehe": 0.0,
                "they": 0.0,
                "conflict": 0.0,
                "want": 1.0,
                "comment_count": 0.015444015444015444
            },