{
    "starting_win_prob": 0.447694242,
    "game_datapoints": [
        {
            "start_utc": 1699758890,
            "end_utc": 1699761607,
            "home_vals": {
                "tone_pos": 0.45721191236823544,
                "tone_neg": 0.4696157884817318,
                "emotion": 0.5414264690046304,
                "emo_pos": 0.3665697500508513,
                "emo_neg": 0.5717538035316487,
                "emo_anx": 0.5043956043956044,
                "emo_anger": 0.2794793598427512,
                "emo_sad": 0.06898853420896808,
                "i": 0.8349453458345286,
                "we": 0.6375111564452379,
                "you": 0.49465403252702406,
                "shehe": 0.0,
                "they": 0.38902674386545355,
                "conflict": 0.5392434414516434,
                "want": 0.0,
                "comment_count": 0.42483660130718953
            },
            "away_vals": {
                "tone_pos": 0.302710788547903,
                "tone_neg": 0.7527610423074347,
                "emotion": 0.5174160966101079,
                "emo_pos": 0.21160764223283465,
                "emo_neg": 1.0,
                "emo_anx": 0.06382978723404255,
                "emo_anger": 0.5242712743759466,
                "emo_sad": 0.14180426723046918,
                "i": 0.9454350425096707,
                "we": 0.8279506593493048,
                "you": 0.3323620222804647,
                "shehe": 0.1335214937038645,
                "they": 0.48031900228193997,
                "conflict": 0.0,
                "want": 0.6066879403159227,
                "comment_count": 0.30718954248366015
            },
            "neut_vals": {
                "tone_pos": 0.3209070012616441,
                "tone_neg": 0.5075852083202453,
                "emotion": 0.43974618216335426,
                "emo_pos": 0.2753070023252011,
                "emo_neg": 0.5290596810660876,
                "emo_anx": 0.030088958660387237,
                "emo_anger": 0.4912591465832133,
                "emo_sad": 0.17671792479350215,
                "i": 0.7525666221370708,
                "we": 0.3037168535064748,
                "you": 0.19241123296211285,
                "shehe": 0.5353218210361067,
                "they": 0.4611013316555086,
                "conflict": 0.6497883469492302,
                "want": 0.41136073915467364,
                "comment_count": 0.7647058823529411
            },
            "wp_delta": 0.07040256259999994
        },
        {
            "start_utc": 1699761607,
            "end_utc": 1699763132,
            "home_vals": {
                "tone_pos": 0.4424307196724518,
                "tone_neg": 0.46437160567705793,
                "emotion": 0.5328141803688593,
                "emo_pos": 0.3343251429594062,
                "emo_neg": 0.6490413997811385,
                "emo_anx": 0.0999561114768488,
                "emo_anger": 0.4198356738232744,
                "emo_sad": 0.16301346155293195,
                "i": 1.0,
                "we": 0.30634810302728693,
                "you": 0.35234867120248564,
                "shehe": 0.29690585911784073,
                "they": 0.46948958083193254,
                "conflict": 0.15697492546988834,
                "want": 1.0,
                "comment_count": 0.6078431372549019
            },
            "away_vals": {
                "tone_pos": 0.30530409083838866,
                "tone_neg": 0.3877913895694784,
                "emotion": 0.3556634002177632,
                "emo_pos": 0.15579405817389957,
                "emo_neg": 0.6332314618414788,
                "emo_anx": 0.226734693877551,
                "emo_anger": 0.2596231260633688,
                "emo_sad": 0.18659202239328201,
                "i": 0.6220141980507762,
                "we": 1.0,
                "you": 0.5511094108645753,
                "shehe": 0.4485714285714287,
                "they": 0.3519547835676869,
                "conflict": 1.0,
                "want": 0.37890319900290825,
                "comment_count": 0.32679738562091504
            },
            "neut_vals": {
                "tone_pos": 0.34066835631437237,
                "tone_neg": 0.4632676078248356,
                "emotion": 0.42265185225850643,
                "emo_pos": 0.27068928883317733,
                "emo_neg": 0.493303772889327,
                "emo_anx": 0.20201413898892892,
                "emo_anger": 0.3396552697245527,
                "emo_sad": 0.11650361100820084,
                "i": 0.731091482034598,
                "we": 0.21737880412907234,
                "you": 0.3965491662957795,
                "shehe": 0.8344004268374016,
                "they": 0.3081851617588493,
                "conflict": 0.3295464698322371,
                "want": 0.7967366423096037,
                "comment_count": 1.0
            },
            "wp_delta": 0.12924730780000004
        },
        {
            "start_utc": 1699763300,
            "end_utc": 1699764372,
            "home_vals": {
                "tone_pos": 0.28654351147831975,
                "tone_neg": 0.6217957956721365,
                "emotion": 0.4970016377993104,
                "emo_pos": 0.22808780068256893,
                "emo_neg": 0.8554419594771806,
                "emo_anx": 0.24009603841536614,
                "emo_anger": 0.9127434300098008,
                "emo_sad": 0.10765241015930514,
                "i": 0.7295434116373056,
                "we": 0.35730625285942513,
                "you": 0.35117091978336856,
                "shehe": 0.10912364945978391,
                "they": 0.669422144374706,
                "conflict": 0.1146368116121317,
                "want": 0.30137100124636484,
                "comment_count": 0.5555555555555556
            },
            "away_vals": {
                "tone_pos": 0.3972357398395662,
                "tone_neg": 0.5307265363268163,
                "emotion": 0.47805701842099424,
                "emo_pos": 0.34081283469990886,
                "emo_neg": 0.44879133247169267,
                "emo_anx": 0.0,
                "emo_anger": 0.7123953828586105,
                "emo_sad": 0.0,
                "i": 0.7619849768808978,
                "we": 0.17722810149177615,
                "you": 1.0,
                "shehe": 0.6740524781341108,
                "they": 0.3723541691283627,
                "conflict": 0.7155375294176556,
                "want": 0.39152471956792695,
                "comment_count": 0.22875816993464052
            },
            "neut_vals": {
                "tone_pos": 0.33520924575577166,
                "tone_neg": 0.6466636584841294,
                "emotion": 0.4798175436229284,
                "emo_pos": 0.2892840611161398,
                "emo_neg": 0.6145425822592565,
                "emo_anx": 0.0,
                "emo_anger": 1.0,
                "emo_sad": 0.1393172409722866,
                "i": 0.8281266082257076,
                "we": 0.10499731938080002,
                "you": 0.23154592355650605,
                "shehe": 0.5851364642242439,
                "they": 1.0,
                "conflict": 0.0570103758884117,
                "want": 0.224530861293116,
                "comment_count": 0.5424836601307189
            },
            "wp_delta": 0.11476454130000002
        },
        {
            "start_utc": 1699764372,
            "end_utc": 1699764955,
            "home_vals": {
                "tone_pos": 0.0,
                "tone_neg": 0.0,
                "emotion": 0.0,
                "emo_pos": 0.0,
                "emo_neg": 0.0,
                "emo_anx": 0.0,
                "emo_anger": 0.0,
                "emo_sad": 0.0,
                "i": 0.0,
                "we": 0.0,
                "you": 0.0,
                "shehe": 0.0,
                "they": 0.0,
                "conflict": 0.0,
                "want": 0.0,
                "comment_count": 0.0
            },