{
    "starting_win_prob": 0.447694242,
    "game_datapoints": [
        {
            "start_utc": 1699722377,
            "end_utc": 1699723328,
            "home_vals": {
                "tone_pos": 0.781301008161306,
                "tone_neg": 0.5797852975495917,
                "emotion": 0.8673199384308099,
                "emo_pos": 0.5928228516562654,
                "emo_neg": 0.5872583800271876,
                "emo_anx": 0.609172039996262,
                "emo_anger": 0.2116051317206934,
                "emo_sad": 0.0,
                "i": 0.6496989708566161,
                "we": 0.7421529175050302,
                "you": 0.3079901443153819,
                "shehe": 0.5512004801920767,
                "they": 0.11688706490348078,
                "conflict": 0.33059962669155396,
                "want": 0.2787982156914196,
                "comment_count": 0.06376195536663125
            },
            "away_vals": {
                "tone_pos": 0.7067769649114009,
                "tone_neg": 0.6946139779515492,
                "emotion": 0.7798600240600213,
                "emo_pos": 0.5127005395490142,
                "emo_neg": 0.5393168602133727,
                "emo_anx": 0.9399693430799465,
                "emo_anger": 0.18893803434107495,
                "emo_sad": 0.11213363235635296,
                "i": 0.9534198118174722,
                "we": 0.3276674975224481,
                "you": 0.3274020604474985,
                "shehe": 0.2928186199853076,
                "they": 0.3053814375455145,
                "conflict": 0.28069695851122367,
                "want": 0.39667576575271113,
                "comment_count": 0.14240170031880978
            },
            "neut_vals": {
                "tone_pos": 0.6830195533988143,
                "tone_neg": 0.7528594405373868,
                "emotion": 0.8614229896063397,
                "emo_pos": 0.5320824304861752,
                "emo_neg": 0.6367819279775119,
                "emo_anx": 0.4955696865915537,
                "emo_anger": 0.3272990574552616,
                "emo_sad": 0.18965720561030075,
                "i": 0.7664973631982718,
                "we": 0.2247879166893252,
                "you": 0.3967008190873027,
                "shehe": 0.14546899841017485,
                "they": 0.37635104324570795,
                "conflict": 0.34089619250608516,
                "want": 0.44378647868545534,
                "comment_count": 0.3145589798087141
            },
            "wp_delta": 0.012671232199999993
        },
        {
            "start_utc": 1699723554,
            "end_utc": 1699724148,
            "home_vals": {
                "tone_pos": 1.0,
                "tone_neg": 0.0,
                "emotion": 0.793511554519107,
                "emo_pos": 1.0,
                "emo_neg": 0.0,
                "emo_anx": 0.0,
                "emo_anger": 0.0,
                "emo_sad": 0.0,
                "i": 0.0,
                "we": 0.0,
                "you": 0.0,
                "shehe": 1.0,
                "they": 0.0,
                "conflict": 0.0,
                "want": 0.0,
                "comment_count": 0.003188097768331562
            },
            "away_vals": {
                "tone_pos": 0.32354776764282284,
                "tone_neg": 0.6732555425904319,
                "emotion": 0.636047319732514,
                "emo_pos": 0.19054248679788768,
                "emo_neg": 0.7173750870329234,
                "emo_anx": 0.9537893654798616,
                "emo_anger": 0.4422730388796397,
                "emo_sad": 1.0,
                "i": 0.3804030027657053,
                "we": 0.11167002012072434,
                "you": 1.0,
                "shehe": 0.13343337334933972,
                "they": 1.0,
                "conflict": 0.6264932337844143,
                "want": 0.0,
                "comment_count": 0.021253985122210415
            },
            "neut_vals": {
                "tone_pos": 0.3793206913106097,
                "tone_neg": 0.3829711201866978,
                "emotion": 0.4943852218498559,
                "emo_pos": 0.26374219875180027,
                "emo_neg": 0.3161766229567985,
                "emo_anx": 0.0,
                "emo_anger": 0.0,
                "emo_sad": 0.0,
                "i": 0.3954235338940002,
                "we": 0.2095699195171026,
                "you": 0.6115804294262585,
                "shehe": 0.4013355342136854,
                "they": 0.2844277245782033,
                "conflict": 0.10039955669622026,
                "want": 0.2459000262398321,
                "comment_count": 0.03400637619553666
            },
            "wp_delta": 0.014959961199999983
        },
        {
            "start_utc": 1699724428,
            "end_utc": 1699725425,
            "home_vals": {
                "tone_pos": 0.5234454904089002,
                "tone_neg": 0.6129694079448025,
                "emotion": 0.6474558391913373,
                "emo_pos": 0.3852303325053748,
                "emo_neg": 0.5057153421565137,
                "emo_anx": 0.4325499851700166,
                "emo_anger": 0.19609287511762677,
                "emo_sad": 0.6422143441505316,
                "i": 0.9471374827910313,
                "we": 0.5076983640976291,
                "you": 0.5411444225089145,
                "shehe": 0.17944569132000626,
                "they": 0.21858086004877178,
                "conflict": 0.1517148856742884,
                "want": 0.54562022976966,
                "comment_count": 0.048884165781083955
            },
            "away_vals": {
                "tone_pos": 0.781225255781185,
                "tone_neg": 0.7819242601039572,
                "emotion": 0.9671390523578149,
                "emo_pos": 0.6355936430348337,
                "emo_neg": 0.6847405934472016,
                "emo_anx": 0.7495114143558214,
                "emo_anger": 0.43256381264411825,
                "emo_sad": 0.3745822398672139,
                "i": 0.7411360722587229,
                "we": 0.5034884632470146,
                "you": 0.38325630722674026,
                "shehe": 0.2398076113562307,
                "they": 0.515868080847561,
                "conflict": 0.6819893825260135,
                "want": 0.3469553275378518,
                "comment_count": 0.2454835281615303
            },
            "neut_vals": {
                "tone_pos": 0.5142466544647147,
                "tone_neg": 0.6020812670167253,
                "emotion": 0.6277596501083644,
                "emo_pos": 0.37487060429668756,
                "emo_neg": 0.46529070032492315,
                "emo_anx": 0.4645299407376257,
                "emo_anger": 0.37433588776809334,
                "emo_sad": 0.2031917552949732,
                "i": 0.7247235470640254,
                "we": 0.1529803822937625,
                "you": 0.4390784494896165,
                "shehe": 0.14509866446578626,
                "they": 0.8615718574251405,
                "conflict": 0.7760204007232852,
                "want": 0.565507330753083,
                "comment_count": 0.40807651434643993
            },
            "wp_delta": -0.17412319780000002
        },
        {
            "start_utc": 1699725951,
            "end_utc": 1699727094,
            "home_vals": {
                "tone_pos": 0.627792754533033,
                "tone_neg": 0.9672955749035098,
                "emotion": 0.8946381978458711,
                "emo_pos": 0.36404593965803766,
                "emo_neg": 0.8818392575230877,
                "emo_anx": 0.2859761488861573,
                "emo_anger": 0.5433243184198037,
                "emo_sad": 0.0,
                "i": 0.9021778300719434,
                "we": 0.4411081875870608,
                "you": 0.26796270724465027,
                "shehe": 0.21511681595715207,
                "they": 0.2125644533305272,
                "conflict": 0.47108654294841873,
                "want": 0.08578406636659064,