{
    "starting_win_prob": 0.5339412689,
    "game_datapoints": [
        {
            "start_utc": 1696707680,
            "end_utc": 1696708451,
            "home_vals": {
                "tone_pos": 0.7339855706165278,
                "tone_neg": 0.24669339600903264,
                "emotion": 0.33596538530673037,
                "emo_pos": 0.5010148457434467,
                "emo_neg": 0.2048020646112724,
                "emo_anx": 0.2550228547085305,
                "emo_anger": 0.17860694811207517,
                "emo_sad": 0.0,
                "i": 0.6191063022206885,
                "we": 0.5530284675953967,
                "you": 0.30243886907794193,
                "shehe": 0.4093810442213462,
                "they": 0.7026901026901028,
                "conflict": 0.0,
                "want": 0.3112097797255219,
                "comment_count": 0.15028901734104047
            },
            "away_vals": {
                "tone_pos": 1.0,
                "tone_neg": 1.0,
                "emotion": 1.0,
                "emo_pos": 1.0,
                "emo_neg": 1.0,
                "emo_anx": 0.0,
                "emo_anger": 0.0,
                "emo_sad": 0.0,
                "i": 0.19919650999433117,
                "we": 0.302725620835857,
                "you": 0.24761207335710644,
                "shehe": 0.2556050480511298,
                "they": 0.4882504882504883,
                "conflict": 0.0,
                "want": 0.2162380348287395,
                "comment_count": 0.07514450867052024
            },
            "neut_vals": {
                "tone_pos": 0.739196181314677,
                "tone_neg": 0.5387959506582485,
                "emotion": 0.4484331801179502,
                "emo_pos": 0.44956699914946247,
                "emo_neg": 0.44793154830483733,
                "emo_anx": 0.0,
                "emo_anger": 1.0,
                "emo_sad": 0.0,
                "i": 1.0,
                "we": 0.0,
                "you": 0.0,
                "shehe": 0.0,
                "they": 0.0,
                "conflict": 0.5923589204346302,
                "want": 1.0,
                "comment_count": 0.017341040462427744
            },
            "wp_delta": -0.003243148300000054
        },
        {
            "start_utc": 1696708451,
            "end_utc": 1696709527,
            "home_vals": {
                "tone_pos": 0.5354475506721016,
                "tone_neg": 0.654416956928296,
                "emotion": 0.4930539506458156,
                "emo_pos": 0.43491892458152787,
                "emo_neg": 0.5392919846165052,
                "emo_anx": 1.0,
                "emo_anger": 0.21572490759783122,
                "emo_sad": 0.19117954434612974,
                "i": 0.6281485462682554,
                "we": 0.22029464058928117,
                "you": 0.7935003204443495,
                "shehe": 0.3038850667278931,
                "they": 1.0,
                "conflict": 0.7040272911851216,
                "want": 0.09068046621850365,
                "comment_count": 0.1791907514450867
            },
            "away_vals": {
                "tone_pos": 0.9500838070252147,
                "tone_neg": 0.29631780266371716,
                "emotion": 0.5401449982452987,
                "emo_pos": 0.9271785355292657,
                "emo_neg": 0.21436010876077236,
                "emo_anx": 0.2576759966072943,
                "emo_anger": 0.2894337940258582,
                "emo_sad": 0.10191184705223583,
                "i": 0.42512015379686,
                "we": 0.2573228346456693,
                "you": 0.9657836644591612,
                "shehe": 0.07233448978861906,
                "they": 0.0,
                "conflict": 0.4733663812528166,
                "want": 0.057571214392803605,
                "comment_count": 0.08670520231213873
            },
            "neut_vals": {
                "tone_pos": 0.7672742675994751,
                "tone_neg": 0.2505161528181022,
                "emotion": 0.41344593380068306,
                "emo_pos": 0.6912186847599162,
                "emo_neg": 0.1927473616295681,
                "emo_anx": 0.0,
                "emo_anger": 0.050189478377173434,
                "emo_sad": 0.12002639788816893,
                "i": 0.35548702338993904,
                "we": 0.11811023622047244,
                "you": 0.5432533112582781,
                "shehe": 0.15999767516720914,
                "they": 0.8138452088452091,
                "conflict": 0.17809824245155478,
                "want": 0.17968515742128938,
                "comment_count": 0.23121387283236994
            },
            "wp_delta": -0.13797205690000003
        },
        {
            "start_utc": 1696709527,
            "end_utc": 1696711197,
            "home_vals": {
                "tone_pos": 0.8342610209684979,
                "tone_neg": 0.39650019160595656,
                "emotion": 0.4576358193182783,
                "emo_pos": 0.5814629869953459,
                "emo_neg": 0.35022870236474535,
                "emo_anx": 0.021569841057941637,
                "emo_anger": 0.14049716234290469,
                "emo_sad": 0.09358818862058603,
                "i": 0.28365821765373195,
                "we": 0.565205362843158,
                "you": 0.36201226060497593,
                "shehe": 0.5550073482760632,
                "they": 0.8034825980771927,
                "conflict": 0.15182825908377962,
                "want": 0.10237448843145995,
                "comment_count": 0.6416184971098265
            },
            "away_vals": {
                "tone_pos": 0.6225479332259165,
                "tone_neg": 0.44519316905583045,
                "emotion": 0.4268064424330748,
                "emo_pos": 0.5070034286295331,
                "emo_neg": 0.35046877357519785,
                "emo_anx": 0.11847951561676642,
                "emo_anger": 0.16867087254716348,
                "emo_sad": 0.42203746987912194,
                "i": 0.4771389570430973,
                "we": 0.24172149714162441,
                "you": 0.1281184795427742,
                "shehe": 0.5095308345341296,
                "they": 0.6126754400727004,
                "conflict": 0.4697496301143508,
                "want": 0.20535622599659073,
                "comment_count": 0.42196531791907516
            },
            "neut_vals": {
                "tone_pos": 0.5303240734890089,
                "tone_neg": 0.4692973518131814,
                "emotion": 0.37627055045175706,
                "emo_pos": 0.451119799732637,
                "emo_neg": 0.29721195963586916,
                "emo_anx": 0.03352618459906577,
                "emo_anger": 0.3026989555173578,
                "emo_sad": 0.25994221040351456,
                "i": 0.3424813819492418,
                "we": 0.09536206818078376,
                "you": 0.3985783600658423,
                "shehe": 0.5105454787532612,
                "they": 0.6634313767261744,
                "conflict": 0.21591770494963364,
                "want": 0.14217313308663587,
                "comment_count": 1.0
            },
            "wp_delta": 0.0016285777000000223
        },
        {
            "start_utc": 1696711197,
            "end_utc": 1696712166,
            "home_vals": {
                "tone_pos": 0.6778530826410141,
                "tone_neg": 0.4134900884175044,
                "emotion": 0.4799633897161052,
                "emo_pos": 0.5636101169765051,
                "emo_neg": 0.4134900884175044,
                "emo_anx": 0.03314302820364787,
                "emo_anger": 0.2919559263741163,
                "emo_sad": 1.0,
                "i": 0.5613928685860757,
                "we": 0.0,
                "you": 1.0,
                "shehe": 0.5920569916152735,
                "they": 0.0,
                "conflict": 0.0,
                "want": 0.26769650888841295,
                "comment_count": 0.16184971098265896
            },