{
    "starting_win_prob": 0.5334510207,
    "game_datapoints": [
        {
            "start_utc": 1696732897,
            "end_utc": 1696733643,
            "home_vals": {
                "tone_pos": 0.41349551296082043,
                "tone_neg": 1.0,
                "emotion": 0.5437392734976979,
                "emo_pos": 0.22198980039161822,
                "emo_neg": 0.9478321217681793,
                "emo_anx": 1.0,
                "emo_anger": 1.0,
                "emo_sad": 0.42525111811716404,
                "i": 0.8260218515266803,
                "we": 0.0,
                "you": 0.4280435812411179,
                "shehe": 0.9510466034755134,
                "they": 0.09212160367538855,
                "conflict": 1.0,
                "want": 0.02845583890176826,
                "comment_count": 0.06097560975609756
            },
            "away_vals": {
                "tone_pos": 0.9174327064386788,
                "tone_neg": 0.02598335885190558,
                "emotion": 0.7674366834770211,
                "emo_pos": 0.9474592026905205,
                "emo_neg": 0.0,
                "emo_anx": 0.0,
                "emo_anger": 0.0,
                "emo_sad": 0.0,
                "i": 1.0,
                "we": 1.0,
                "you": 0.317294027620887,
                "shehe": 0.37495442945679913,
                "they": 0.6791958983194044,
                "conflict": 0.12314300601100536,
                "want": 0.0,
                "comment_count": 0.026422764227642278
            },
            "neut_vals": {
                "tone_pos": 0.5068413782448035,
                "tone_neg": 0.5012313427479962,
                "emotion": 0.540363327737856,
                "emo_pos": 0.3675671191994348,
                "emo_neg": 0.5949635976911766,
                "emo_anx": 0.61524212754697,
                "emo_anger": 0.47613445378151253,
                "emo_sad": 0.39173132410086997,
                "i": 0.9687691875111177,
                "we": 0.5178941306508392,
                "you": 0.7315462423718897,
                "shehe": 1.0,
                "they": 0.11530349191469419,
                "conflict": 0.1760915831721752,
                "want": 0.29627015131703843,
                "comment_count": 0.10365853658536585
            },
            "wp_delta": -0.11686214799999994
        },
        {
            "start_utc": 1696733708,
            "end_utc": 1696734483,
            "home_vals": {
                "tone_pos": 0.0,
                "tone_neg": 0.0,
                "emotion": 0.0,
                "emo_pos": 0.0,
                "emo_neg": 0.0,
                "emo_anx": 0.0,
                "emo_anger": 0.0,
                "emo_sad": 0.0,
                "i": 0.0,
                "we": 0.0,
                "you": 0.0,
                "shehe": 0.0,
                "they": 0.0,
                "conflict": 0.0,
                "want": 0.0,
                "comment_count": 0.0
            },
            "away_vals": {
                "tone_pos": 0.0,
                "tone_neg": 0.0,
                "emotion": 0.0,
                "emo_pos": 0.0,
                "emo_neg": 0.0,
                "emo_anx": 0.0,
                "emo_anger": 0.0,
                "emo_sad": 0.0,
                "i": 0.0,
                "we": 0.0,
                "you": 0.0,
                "shehe": 0.0,
                "they": 0.0,
                "conflict": 0.0,
                "want": 0.0,
                "comment_count": 0.0
            },
            "neut_vals": {
                "tone_pos": 0.0,
                "tone_neg": 0.0,
                "emotion": 0.0,
                "emo_pos": 0.0,
                "emo_neg": 0.0,
                "emo_anx": 0.0,
                "emo_anger": 0.0,
                "emo_sad": 0.0,
                "i": 0.0,
                "we": 0.0,
                "you": 0.0,
                "shehe": 0.0,
                "they": 0.0,
                "conflict": 0.0,
                "want": 0.0,
                "comment_count": 0.0
            },
            "wp_delta": -0.1396167874
        },
        {
            "start_utc": 1696734523,
            "end_utc": 1696736063,
            "home_vals": {
                "tone_pos": 0.47732387157506345,
                "tone_neg": 0.9849133937433606,
                "emotion": 0.6745185961340673,
                "emo_pos": 0.35871788876874067,
                "emo_neg": 1.0,
                "emo_anx": 0.4476260776312308,
                "emo_anger": 0.3807518796992481,
                "emo_sad": 0.7459799877286882,
                "i": 0.8286482961867648,
                "we": 0.2243968519118735,
                "you": 0.41713829813757525,
                "shehe": 0.808602519331504,
                "they": 0.5960718529391209,
                "conflict": 0.0,
                "want": 0.32149786712793166,
                "comment_count": 0.11585365853658537
            },
            "away_vals": {
                "tone_pos": 1.0,
                "tone_neg": 0.5548350027586687,
                "emotion": 1.0,
                "emo_pos": 1.0,
                "emo_neg": 0.44898892920679184,
                "emo_anx": 0.04343422361325291,
                "emo_anger": 0.2467980295566502,
                "emo_sad": 1.0,
                "i": 0.9766212884192962,
                "we": 0.6484887589364956,
                "you": 0.9728597330894005,
                "shehe": 0.340680666775617,
                "they": 0.5290623773931921,
                "conflict": 0.30352575240547575,
                "want": 0.7122267313091033,
                "comment_count": 0.17682926829268292
            },
            "neut_vals": {
                "tone_pos": 0.548501930643271,
                "tone_neg": 0.6622295133259145,
                "emotion": 0.6794009584964299,
                "emo_pos": 0.4963203820380261,
                "emo_neg": 0.7086023708003335,
                "emo_anx": 0.1875657516829203,
                "emo_anger": 0.6560017421602791,
                "emo_sad": 0.980670566292143,
                "i": 0.6656224496836713,
                "we": 0.258563833269787,
                "you": 0.6248714630680179,
                "shehe": 0.5326726438176703,
                "they": 1.0,
                "conflict": 0.27525153824146875,
                "want": 0.15664237509687248,
                "comment_count": 1.0
            },
            "wp_delta": -0.1191374511
        },
        {
            "start_utc": 1696736161,
            "end_utc": 1696736991,
            "home_vals": {
                "tone_pos": 0.4876506536867376,
                "tone_neg": 0.509638512218078,
                "emotion": 0.5302038577927177,
                "emo_pos": 0.4223063259653259,
                "emo_neg": 0.4899951119162073,
                "emo_anx": 0.26726647261180203,
                "emo_anger": 0.6425396825396826,
                "emo_sad": 0.0,
                "i": 0.7438515483584257,
                "we": 0.5814955173079285,
                "you": 1.0,
                "shehe": 0.6393277163419344,
                "they": 0.5029571404073397,
                "conflict": 0.24487398351597922,
                "want": 0.0,
                "comment_count": 0.054878048780487805
            },
            "away_vals": {
                "tone_pos": 0.7038400925549544,
                "tone_neg": 0.7985498657928679,
                "emotion": 0.9596186395540143,
                "emo_pos": 0.7516866616009586,
                "emo_neg": 0.9135260074811208,
                "emo_anx": 0.0,
                "emo_anger": 0.24578571428571422,
                "emo_sad": 0.8971735464476868,
                "i": 0.8875914544922445,
                "we": 0.3754973945997158,
                "you": 0.0,
                "shehe": 0.0,
                "they": 0.5063745019920319,
                "conflict": 0.5372542540888816,
                "want": 1.0,