{
    "starting_win_prob": 0.4501535892,
    "game_datapoints": [
        {
            "start_utc": 1697942802,
            "end_utc": 1697943539,
            "home_vals": {
                "tone_pos": 0.0,
                "tone_neg": 0.0,
                "emotion": 0.0,
                "emo_pos": 0.0,
                "emo_neg": 0.0,
                "emo_anx": 0.0,
                "emo_anger": 0.0,
                "emo_sad": 0.0,
                "i": 0.0,
                "we": 0.0,
                "you": 0.0,
                "shehe": 0.0,
                "they": 0.0,
                "conflict": 0.0,
                "want": 0.0,
                "comment_count": 0.0
            },
            "away_vals": {
                "tone_pos": 0.0,
                "tone_neg": 0.0,
                "emotion": 0.0,
                "emo_pos": 0.0,
                "emo_neg": 0.0,
                "emo_anx": 0.0,
                "emo_anger": 0.0,
                "emo_sad": 0.0,
                "i": 0.0,
                "we": 0.0,
                "you": 0.0,
                "shehe": 0.0,
                "they": 0.0,
                "conflict": 0.0,
                "want": 0.0,
                "comment_count": 0.0
            },
            "neut_vals": {
                "tone_pos": 0.0,
                "tone_neg": 0.0,
                "emotion": 0.0,
                "emo_pos": 0.0,
                "emo_neg": 0.0,
                "emo_anx": 0.0,
                "emo_anger": 0.0,
                "emo_sad": 0.0,
                "i": 0.0,
                "we": 0.0,
                "you": 0.0,
                "shehe": 0.0,
                "they": 0.0,
                "conflict": 0.0,
                "want": 0.0,
                "comment_count": 0.0
            },
            "wp_delta": -0.06372171639999996
        },
        {
            "start_utc": 1697943587,
            "end_utc": 1697944641,
            "home_vals": {
                "tone_pos": 0.1152,
                "tone_neg": 0.2862708719851577,
                "emotion": 0.1484,
                "emo_pos": 0.1152,
                "emo_neg": 0.15380333951762523,
                "emo_anx": 0.0,
                "emo_anger": 0.0,
                "emo_sad": 0.0,
                "i": 0.8052076552532224,
                "we": 0.6855445544554454,
                "you": 0.1232,
                "shehe": 0.3996,
                "they": 0.0,
                "conflict": 0.3927392739273927,
                "want": 0.24895999999999996,
                "comment_count": 0.12195121951219512
            },
            "away_vals": {
                "tone_pos": 0.375,
                "tone_neg": 0.0,
                "emotion": 0.125,
                "emo_pos": 0.125,
                "emo_neg": 0.0,
                "emo_anx": 0.0,
                "emo_anger": 0.0,
                "emo_sad": 0.0,
                "i": 0.7323265199843771,
                "we": 0.0,
                "you": 1.0,
                "shehe": 0.0,
                "they": 0.0,
                "conflict": 0.0,
                "want": 1.0,
                "comment_count": 0.024390243902439025
            },
            "neut_vals": {
                "tone_pos": 0.0526,
                "tone_neg": 0.7731910946196661,
                "emotion": 0.2193,
                "emo_pos": 0.0526,
                "emo_neg": 0.7731910946196661,
                "emo_anx": 0.0,
                "emo_anger": 0.0,
                "emo_sad": 0.0,
                "i": 0.0,
                "we": 0.0,
                "you": 0.0,
                "shehe": 0.0,
                "they": 1.0,
                "conflict": 0.0,
                "want": 0.4208,
                "comment_count": 0.04878048780487805
            },
            "wp_delta": 0.09038567540000003
        },
        {
            "start_utc": 1697944686,
            "end_utc": 1697945630,
            "home_vals": {
                "tone_pos": 0.2307826086956522,
                "tone_neg": 0.37041219649915297,
                "emotion": 0.24963478260869568,
                "emo_pos": 0.18909565217391308,
                "emo_neg": 0.261595547309833,
                "emo_anx": 0.20468735861008053,
                "emo_anger": 0.21739130434782605,
                "emo_sad": 0.2535978336933703,
                "i": 0.7746613608961699,
                "we": 0.23478260869565212,
                "you": 0.03311304347826087,
                "shehe": 0.0,
                "they": 0.1573813853529509,
                "conflict": 0.05691873535179605,
                "want": 0.3941565217391304,
                "comment_count": 0.2804878048780488
            },
            "away_vals": {
                "tone_pos": 1.0,
                "tone_neg": 0.0,
                "emotion": 1.0,
                "emo_pos": 1.0,
                "emo_neg": 0.0,
                "emo_anx": 0.0,
                "emo_anger": 0.0,
                "emo_sad": 0.0,
                "i": 0.0,
                "we": 0.0,
                "you": 0.0,
                "shehe": 0.0,
                "they": 0.0,
                "conflict": 0.0,
                "want": 0.0,
                "comment_count": 0.024390243902439025
            },
            "neut_vals": {
                "tone_pos": 0.0,
                "tone_neg": 1.0,
                "emotion": 0.2156,
                "emo_pos": 0.0,
                "emo_neg": 1.0,
                "emo_anx": 0.5039543932675776,
                "emo_anger": 1.0,
                "emo_sad": 1.0,
                "i": 0.0,
                "we": 0.0,
                "you": 0.0,
                "shehe": 0.0,
                "they": 0.0,
                "conflict": 1.0,
                "want": 0.0,
                "comment_count": 0.06097560975609756
            },
            "wp_delta": 0.040734231499999995
        },
        {
            "start_utc": 1697945667,
            "end_utc": 1697946810,
            "home_vals": {
                "tone_pos": 0.14825128205128207,
                "tone_neg": 0.7856667142381424,
                "emotion": 0.26210769230769226,
                "emo_pos": 0.1092923076923077,
                "emo_neg": 0.7087912087912086,
                "emo_anx": 1.0,
                "emo_anger": 0.8396096019858394,
                "emo_sad": 0.0,
                "i": 0.9144542477441842,
                "we": 0.34310738766184307,
                "you": 0.14687179487179486,
                "shehe": 0.0,
                "they": 0.057326703714536416,
                "conflict": 0.12270457815012269,
                "want": 0.15844102564102566,
                "comment_count": 0.47560975609756095
            },
            "away_vals": {
                "tone_pos": 0.08626666666666667,
                "tone_neg": 0.3447742733457019,
                "emotion": 0.10426666666666667,
                "emo_pos": 0.04026666666666667,
                "emo_neg": 0.2968460111317254,
                "emo_anx": 0.0,
                "emo_anger": 0.25485881921525483,
                "emo_sad": 0.10613482621880105,
                "i": 1.0,
                "we": 1.0,
                "you": 0.3271111111111111,
                "shehe": 1.0,
                "they": 0.10561892691170259,
                "conflict": 0.4583791712504584,
                "want": 0.25404444444444446,
                "comment_count": 0.21951219512195122
            },
            "neut_vals": {
                "tone_pos": 0.10604878048780486,
                "tone_neg": 0.7924227340603647,
                "emotion": 0.21756829268292685,
                "emo_pos": 0.09134634146341462,
                "emo_neg": 0.5062559391827683,
                "emo_anx": 0.27707679031364557,
                "emo_anger": 0.279656014381926,
                "emo_sad": 0.10283500315758931,
                "i": 0.36967842728811356,
                "we": 0.27015213716493597,
                "you": 0.15925853658536585,
                "shehe": 0.6710487804878049,