{
    "starting_win_prob": 0.447694242,
    "game_datapoints": [
        {
            "start_utc": 1695523567,
            "end_utc": 1695524562,
            "home_vals": {
                "tone_pos": 0.8854610796470168,
                "tone_neg": 0.22224888995559827,
                "emotion": 0.41121570961644893,
                "emo_pos": 0.3485219454329775,
                "emo_neg": 0.17039999999999997,
                "emo_anx": 0.0,
                "emo_anger": 0.0,
                "emo_sad": 0.2609478104379124,
                "i": 1.0,
                "we": 0.1809079508402307,
                "you": 0.24802182810368348,
                "shehe": 0.0,
                "they": 0.0,
                "conflict": 0.3323654995730144,
                "want": 1.0,
                "comment_count": 0.08955223880597014
            },
            "away_vals": {
                "tone_pos": 0.48713314459991175,
                "tone_neg": 0.3165036472703544,
                "emotion": 0.41854770757152204,
                "emo_pos": 0.3894973500526935,
                "emo_neg": 0.13632618025751073,
                "emo_anx": 0.6607695439953619,
                "emo_anger": 0.04998783140116587,
                "emo_sad": 0.0,
                "i": 0.29833938928934983,
                "we": 0.37811126504487214,
                "you": 0.340525443676115,
                "shehe": 0.2796394567890794,
                "they": 0.27893478796051846,
                "conflict": 0.0,
                "want": 0.04968306236933004,
                "comment_count": 0.6955223880597015
            },
            "neut_vals": {
                "tone_pos": 0.35608830225600685,
                "tone_neg": 0.8617394695787834,
                "emotion": 0.558447025469127,
                "emo_pos": 0.29382562277580077,
                "emo_neg": 0.3858,
                "emo_anx": 0.0,
                "emo_anger": 0.22502250225022502,
                "emo_sad": 0.1322735452909418,
                "i": 0.38242762823768417,
                "we": 0.0644168547780286,
                "you": 0.521930422919509,
                "shehe": 1.0,
                "they": 0.8313200527455967,
                "conflict": 0.5977796754910333,
                "want": 0.16874234381380154,
                "comment_count": 0.23880597014925373
            },
            "wp_delta": -0.18856269120000002
        },
        {
            "start_utc": 1695524562,
            "end_utc": 1695525419,
            "home_vals": {
                "tone_pos": 0.3501295149930068,
                "tone_neg": 0.9020075088717833,
                "emotion": 0.2528088316245015,
                "emo_pos": 0.20759193357058128,
                "emo_neg": 0.1105,
                "emo_anx": 0.0,
                "emo_anger": 0.0,
                "emo_sad": 0.17846430713857225,
                "i": 0.3867309366611044,
                "we": 1.0,
                "you": 1.0,
                "shehe": 0.9304871373836892,
                "they": 0.03329565790713007,
                "conflict": 0.08625106746370621,
                "want": 0.24295630869742754,
                "comment_count": 0.2507462686567164
            },
            "away_vals": {
                "tone_pos": 0.5284876162960013,
                "tone_neg": 0.5883656241772057,
                "emotion": 1.0,
                "emo_pos": 0.8051542996759975,
                "emo_neg": 0.41992835820895524,
                "emo_anx": 0.4595800111967741,
                "emo_anger": 0.1367868130096592,
                "emo_sad": 0.06715074895468666,
                "i": 0.3011046216353478,
                "we": 0.2930907539054164,
                "you": 0.36511168577304487,
                "shehe": 0.5572852263536772,
                "they": 0.4560683443477724,
                "conflict": 0.07137667767057113,
                "want": 0.12973921734731816,
                "comment_count": 1.0
            },
            "neut_vals": {
                "tone_pos": 0.3305542328252922,
                "tone_neg": 0.5956699806453798,
                "emotion": 0.6292310316307057,
                "emo_pos": 0.47314353499406897,
                "emo_neg": 0.21605128205128205,
                "emo_anx": 0.36548885997280206,
                "emo_anger": 0.14286043989014288,
                "emo_sad": 0.010536354267608017,
                "i": 0.30770207446185105,
                "we": 0.24048671001266939,
                "you": 0.5670059817399519,
                "shehe": 0.865800865800866,
                "they": 0.22882910732585784,
                "conflict": 0.2602640740984037,
                "want": 0.08412643569850595,
                "comment_count": 0.6985074626865672
            },
            "wp_delta": 0.2069313824
        },
        {
            "start_utc": 1695525419,
            "end_utc": 1695526334,
            "home_vals": {
                "tone_pos": 0.36611034802842424,
                "tone_neg": 0.7321149988856698,
                "emotion": 0.9932444830317703,
                "emo_pos": 0.6023487544483985,
                "emo_neg": 0.6174999999999999,
                "emo_anx": 0.0,
                "emo_anger": 0.7335733573357334,
                "emo_sad": 0.306153055103265,
                "i": 0.46146067619531317,
                "we": 0.5199398043641835,
                "you": 0.7533619177548235,
                "shehe": 0.379445404075946,
                "they": 0.7342626605130137,
                "conflict": 1.0,
                "want": 0.46010033249722915,
                "comment_count": 0.2507462686567164
            },
            "away_vals": {
                "tone_pos": 0.48826299463367956,
                "tone_neg": 0.6435200083162561,
                "emotion": 0.8858711853726469,
                "emo_pos": 0.19408073985085122,
                "emo_neg": 0.6168821656050957,
                "emo_anx": 1.0,
                "emo_anger": 0.7905742803579724,
                "emo_sad": 0.0,
                "i": 0.4342093451685848,
                "we": 0.43680177136202214,
                "you": 0.454323476507851,
                "shehe": 0.41793479966113406,
                "they": 0.6527183599910972,
                "conflict": 0.19319325308544608,
                "want": 0.0744746978488555,
                "comment_count": 0.9373134328358209
            },
            "neut_vals": {
                "tone_pos": 0.5059419379898006,
                "tone_neg": 0.4393494211106023,
                "emotion": 0.5354030611399919,
                "emo_pos": 0.3303615386359,
                "emo_neg": 0.31527707006369426,
                "emo_anx": 0.4814905614121108,
                "emo_anger": 0.21444501138011887,
                "emo_sad": 0.0930482693270263,
                "i": 0.2881526721508218,
                "we": 0.047806645483170616,
                "you": 0.426821108610457,
                "shehe": 0.8020020099967389,
                "they": 0.3927657182418055,
                "conflict": 0.7474911203337556,
                "want": 0.14379975708270373,
                "comment_count": 0.9373134328358209
            },
            "wp_delta": -0.0764337779
        },
        {
            "start_utc": 1695527222,
            "end_utc": 1695527671,
            "home_vals": {
                "tone_pos": 0.35268469214317516,
                "tone_neg": 1.0,
                "emotion": 0.9838742520597724,
                "emo_pos": 0.1453143534994069,
                "emo_neg": 1.0,
                "emo_anx": 0.0,
                "emo_anger": 1.0,
                "emo_sad": 1.0,
                "i": 0.43029456576942615,
                "we": 0.7659092049159767,
                "you": 0.5140518417462482,
                "shehe": 0.0,
                "they": 0.14645694012746852,
                "conflict": 0.0,
                "want": 0.0,
                "comment_count": 0.08955223880597014
            },