{
    "starting_win_prob": 0.5339412689,
    "game_datapoints": [
        {
            "start_utc": 1696102836,
            "end_utc": 1696103483,
            "home_vals": {
                "tone_pos": 0.5550701241045304,
                "tone_neg": 0.8445709486258227,
                "emotion": 1.0,
                "emo_pos": 1.0,
                "emo_neg": 0.0,
                "emo_anx": 0.0,
                "emo_anger": 0.0,
                "emo_sad": 0.0,
                "i": 0.0,
                "we": 1.0,
                "you": 0.5048065875143624,
                "shehe": 0.0,
                "they": 0.0,
                "conflict": 0.0,
                "want": 0.0,
                "comment_count": 0.007047216349541931
            },
            "away_vals": {
                "tone_pos": 0.3957584036385368,
                "tone_neg": 0.43925810203048793,
                "emotion": 0.1387876895319385,
                "emo_pos": 0.1156564079432821,
                "emo_neg": 0.039234692700039236,
                "emo_anx": 0.0,
                "emo_anger": 0.0,
                "emo_sad": 0.0,
                "i": 0.5794122830205305,
                "we": 0.8291407885453892,
                "you": 0.527255251450962,
                "shehe": 0.37373819519980483,
                "they": 0.5109014273397835,
                "conflict": 0.48598244581525957,
                "want": 0.0,
                "comment_count": 0.036645525017618044
            },
            "neut_vals": {
                "tone_pos": 0.1286558059033087,
                "tone_neg": 0.23193217589186052,
                "emotion": 0.16515735054300681,
                "emo_pos": 0.0,
                "emo_neg": 0.0,
                "emo_anx": 0.0,
                "emo_anger": 0.0,
                "emo_sad": 0.0,
                "i": 0.26082222473975053,
                "we": 0.4751165238310028,
                "you": 0.23730224199393096,
                "shehe": 0.0,
                "they": 0.0,
                "conflict": 0.0,
                "want": 0.0,
                "comment_count": 0.009161381254404511
            },
            "wp_delta": 0.0828390122
        },
        {
            "start_utc": 1696103646,
            "end_utc": 1696104812,
            "home_vals": {
                "tone_pos": 0.2289929293791669,
                "tone_neg": 0.9105514298123139,
                "emotion": 0.573970368828285,
                "emo_pos": 0.32086788568520636,
                "emo_neg": 0.38745043735142753,
                "emo_anx": 0.9075075421857184,
                "emo_anger": 0.3294370928217083,
                "emo_sad": 0.8882345724450987,
                "i": 0.3426316981987086,
                "we": 0.42048506297491417,
                "you": 0.22402527767139024,
                "shehe": 0.6207322076628277,
                "they": 0.09052437972985919,
                "conflict": 0.47449920439435883,
                "want": 0.569248615145073,
                "comment_count": 0.22903453136011276
            },
            "away_vals": {
                "tone_pos": 0.15169642696713076,
                "tone_neg": 0.71629450488762,
                "emotion": 0.30715331714460503,
                "emo_pos": 0.13659703041874435,
                "emo_neg": 0.27731752627317513,
                "emo_anx": 0.43048118719747475,
                "emo_anger": 0.4326422283956532,
                "emo_sad": 0.38024196543663014,
                "i": 0.3306861868223257,
                "we": 0.3660609281125714,
                "you": 0.3024488072066023,
                "shehe": 0.3174262433674697,
                "they": 0.30393387809413325,
                "conflict": 1.0,
                "want": 0.14398795970928402,
                "comment_count": 0.514446793516561
            },
            "neut_vals": {
                "tone_pos": 0.2889810940406268,
                "tone_neg": 0.642749997495921,
                "emotion": 0.45266782698503816,
                "emo_pos": 0.25116287673939497,
                "emo_neg": 0.25958191368875105,
                "emo_anx": 0.5274851916658726,
                "emo_anger": 0.3620854131325336,
                "emo_sad": 0.18716724283340427,
                "i": 0.3575181138467154,
                "we": 0.15329742171590138,
                "you": 0.33512101940842304,
                "shehe": 0.3474491056163543,
                "they": 0.3312639773623779,
                "conflict": 0.3698299232932614,
                "want": 0.273955885619723,
                "comment_count": 0.5384073291050036
            },
            "wp_delta": 0.05008161070000006
        },
        {
            "start_utc": 1696104812,
            "end_utc": 1696105950,
            "home_vals": {
                "tone_pos": 0.21575656677765448,
                "tone_neg": 0.5803727336827756,
                "emotion": 0.33131191633672463,
                "emo_pos": 0.15412051654721928,
                "emo_neg": 0.2167575090842418,
                "emo_anx": 0.0,
                "emo_anger": 0.4641806958473626,
                "emo_sad": 0.2291768562821194,
                "i": 0.46869465808469235,
                "we": 0.5512788386040528,
                "you": 0.31211806885399374,
                "shehe": 0.566032773886613,
                "they": 0.13463262764632627,
                "conflict": 0.9798914811666297,
                "want": 0.9166523939275982,
                "comment_count": 0.12684989429175475
            },
            "away_vals": {
                "tone_pos": 0.3281134782491,
                "tone_neg": 0.642436968254709,
                "emotion": 0.43679964990899367,
                "emo_pos": 0.20167637851389794,
                "emo_neg": 0.35798945748233363,
                "emo_anx": 1.0,
                "emo_anger": 0.44626565846078037,
                "emo_sad": 0.003027580036565916,
                "i": 0.3072660522874251,
                "we": 0.4871619036442958,
                "you": 0.4213968108658489,
                "shehe": 0.44301875602342655,
                "they": 0.28699004748453455,
                "conflict": 0.3551333473096703,
                "want": 0.33346928829350575,
                "comment_count": 0.4334038054968288
            },
            "neut_vals": {
                "tone_pos": 0.36397376378118423,
                "tone_neg": 0.4918084326221187,
                "emotion": 0.3804041364779385,
                "emo_pos": 0.20866438507402413,
                "emo_neg": 0.2106406735749977,
                "emo_anx": 0.1088750696528366,
                "emo_anger": 0.10732834417044945,
                "emo_sad": 0.12409647362734665,
                "i": 0.46045039991620773,
                "we": 0.19542103910233183,
                "you": 0.43671251119236304,
                "shehe": 0.34867868546362174,
                "they": 0.5502269714377536,
                "conflict": 0.23594862713232403,
                "want": 0.5670716740872133,
                "comment_count": 0.41508104298801973
            },
            "wp_delta": -0.12975916259999998
        },
        {
            "start_utc": 1696105950,
            "end_utc": 1696106856,
            "home_vals": {
                "tone_pos": 0.25404927383121545,
                "tone_neg": 0.9166078824792016,
                "emotion": 0.6415665048157286,
                "emo_pos": 0.0,
                "emo_neg": 1.0,
                "emo_anx": 0.0,
                "emo_anger": 0.0,
                "emo_sad": 0.0,
                "i": 0.24872216928008323,
                "we": 0.3412136167051394,
                "you": 0.6301507198053484,
                "shehe": 0.4235154191186188,
                "they": 0.0,
                "conflict": 0.0,
                "want": 0.0,
                "comment_count": 0.011980267794221282
            },
            "away_vals": {
                "tone_pos": 1.0,
                "tone_neg": 0.0,