{
    "starting_win_prob": 0.4525906444,
    "game_datapoints": [
        {
            "start_utc": 1694313768,
            "end_utc": 1694314661,
            "home_vals": {
                "tone_pos": 0.5189265001370987,
                "tone_neg": 0.8260114876763837,
                "emotion": 0.9790436930311905,
                "emo_pos": 0.3223598290204479,
                "emo_neg": 0.9903887722863642,
                "emo_anx": 0.0,
                "emo_anger": 0.39121978327313145,
                "emo_sad": 0.0,
                "i": 0.3067213579960271,
                "we": 0.8477219737783217,
                "you": 0.5502872478666176,
                "shehe": 0.2076804506311221,
                "they": 0.4286674195081322,
                "conflict": 0.09667414163015789,
                "want": 0.32640085307953737,
                "comment_count": 0.24229979466119098
            },
            "away_vals": {
                "tone_pos": 0.8138933635408225,
                "tone_neg": 1.0,
                "emotion": 1.0,
                "emo_pos": 0.49498780025847844,
                "emo_neg": 1.0,
                "emo_anx": 0.08746242355136312,
                "emo_anger": 1.0,
                "emo_sad": 0.056316497733568366,
                "i": 0.831969696969697,
                "we": 0.6678198589432491,
                "you": 0.5376586450466607,
                "shehe": 0.42435241892273395,
                "they": 0.5591523464978393,
                "conflict": 0.0,
                "want": 0.6565108067622513,
                "comment_count": 0.3613963039014374
            },
            "neut_vals": {
                "tone_pos": 0.6876430471308403,
                "tone_neg": 0.9346218884140851,
                "emotion": 0.6887749946530844,
                "emo_pos": 0.3057828574562832,
                "emo_neg": 0.7936515653548745,
                "emo_anx": 0.0,
                "emo_anger": 0.8295648145765243,
                "emo_sad": 0.7801926691729323,
                "i": 0.6044457825279741,
                "we": 0.43186259843271557,
                "you": 0.5212520006034673,
                "shehe": 0.4537379978535946,
                "they": 0.5101072176742961,
                "conflict": 0.7762533147462974,
                "want": 0.5952478935573308,
                "comment_count": 0.3737166324435318
            },
            "wp_delta": 0.23285180329999994
        },
        {
            "start_utc": 1694314661,
            "end_utc": 1694315697,
            "home_vals": {
                "tone_pos": 0.8949904327395203,
                "tone_neg": 0.42268741779921093,
                "emotion": 0.6943200863669993,
                "emo_pos": 0.7572545637617543,
                "emo_neg": 0.4121089341338991,
                "emo_anx": 0.0,
                "emo_anger": 0.0,
                "emo_sad": 0.7743518438365651,
                "i": 0.6661567732115677,
                "we": 1.0,
                "you": 0.3852733699252825,
                "shehe": 0.10466898250839726,
                "they": 0.2531749321676213,
                "conflict": 0.07247240768497071,
                "want": 0.19730533115771454,
                "comment_count": 0.26283367556468173
            },
            "away_vals": {
                "tone_pos": 0.8243416434149442,
                "tone_neg": 0.799431031743145,
                "emotion": 0.8524367714218518,
                "emo_pos": 0.5144590934646498,
                "emo_neg": 0.8772799792768138,
                "emo_anx": 0.5862930892831358,
                "emo_anger": 0.0,
                "emo_sad": 1.0,
                "i": 0.5879539789834697,
                "we": 0.5521023687733133,
                "you": 0.46104481716495216,
                "shehe": 0.3793996276627689,
                "they": 0.6736379438286906,
                "conflict": 0.0,
                "want": 0.03981433805836184,
                "comment_count": 0.4702258726899384
            },
            "neut_vals": {
                "tone_pos": 0.7699258264480735,
                "tone_neg": 0.3400915848792149,
                "emotion": 0.4668958280454248,
                "emo_pos": 0.5637219869082214,
                "emo_neg": 0.21664441835352372,
                "emo_anx": 0.0,
                "emo_anger": 0.1639184715408241,
                "emo_sad": 0.0,
                "i": 0.560317301603173,
                "we": 0.38894398515230666,
                "you": 0.6843535179773641,
                "shehe": 0.6141351135182445,
                "they": 0.45890923921375315,
                "conflict": 0.30891059960634265,
                "want": 0.5215268329790176,
                "comment_count": 0.5626283367556468
            },
            "wp_delta": -0.13588249689999998
        },
        {
            "start_utc": 1694315697,
            "end_utc": 1694316652,
            "home_vals": {
                "tone_pos": 0.5805852110919041,
                "tone_neg": 0.6453742943586577,
                "emotion": 0.7038459337401897,
                "emo_pos": 0.3350185606079362,
                "emo_neg": 0.6301440561443872,
                "emo_anx": 1.0,
                "emo_anger": 0.2814005262092694,
                "emo_sad": 0.16311482592934579,
                "i": 0.7574293928631829,
                "we": 0.6486187924329421,
                "you": 0.8375913179917741,
                "shehe": 0.6718237006679454,
                "they": 0.5863142980853093,
                "conflict": 0.7308662161730246,
                "want": 1.0,
                "comment_count": 0.3326488706365503
            },
            "away_vals": {
                "tone_pos": 0.8695072241700125,
                "tone_neg": 0.34971174923279247,
                "emotion": 0.4953811774298268,
                "emo_pos": 0.6258941602789786,
                "emo_neg": 0.19045528418581548,
                "emo_anx": 0.167595496009122,
                "emo_anger": 0.0,
                "emo_sad": 0.026947444165512462,
                "i": 0.71322298325723,
                "we": 0.5593422752996747,
                "you": 0.705411383378115,
                "shehe": 0.7472190886621465,
                "they": 0.626360101999799,
                "conflict": 0.06177783076713449,
                "want": 0.42998207789428633,
                "comment_count": 0.6570841889117043
            },
            "neut_vals": {
                "tone_pos": 0.7334332207075819,
                "tone_neg": 0.47504008897545813,
                "emotion": 0.7510495665790887,
                "emo_pos": 0.8695289780406896,
                "emo_neg": 0.38426189494376434,
                "emo_anx": 0.12789941303865374,
                "emo_anger": 0.47875349061398137,
                "emo_sad": 0.3244253588094219,
                "i": 0.5965999611821071,
                "we": 0.27595702855721,
                "you": 0.6845519012119269,
                "shehe": 1.0,
                "they": 0.49244823123236736,
                "conflict": 0.16229192024588687,
                "want": 0.17246368902031808,
                "comment_count": 0.6119096509240246
            },
            "wp_delta": -0.23784673209999996
        },
        {
            "start_utc": 1694317139,
            "end_utc": 1694317994,
            "home_vals": {
                "tone_pos": 1.0,
                "tone_neg": 0.8664036241414584,
                "emotion": 0.836014147161832,
                "emo_pos": 1.0,
                "emo_neg": 0.47798336525707746,
                "emo_anx": 0.0,
                "emo_anger": 0.1321586558120516,
                "emo_sad": 0.20904683958700582,
                "i": 0.4794148925655774,
                "we": 0.9235908841095778,
                "you": 0.30765487594962365,
                "shehe": 0.5772042352307263,
                "they": 1.0,
                "conflict": 0.05708929758527796,
                "want": 0.08824387681652823,