{
    "starting_win_prob": 0.5339412689,
    "game_datapoints": [
        {
            "start_utc": 1700957533,
            "end_utc": 1700958268,
            "home_vals": {
                "tone_pos": 0.4332881060853794,
                "tone_neg": 0.44513483480193455,
                "emotion": 0.6193375636966991,
                "emo_pos": 0.45649811312120786,
                "emo_neg": 0.8873042581203373,
                "emo_anx": 0.652381942999792,
                "emo_anger": 0.8470166887023378,
                "emo_sad": 0.0,
                "i": 0.45251201632609195,
                "we": 1.0,
                "you": 0.24883766710515526,
                "shehe": 0.12431119584236502,
                "they": 0.5355765109301329,
                "conflict": 0.3690412900939216,
                "want": 0.0,
                "comment_count": 0.02119460500963391
            },
            "away_vals": {
                "tone_pos": 0.7635802224697512,
                "tone_neg": 0.22015159459304365,
                "emotion": 0.2591113761984753,
                "emo_pos": 0.2560442326144747,
                "emo_neg": 0.2531219733540766,
                "emo_anx": 0.6978956342262306,
                "emo_anger": 0.0,
                "emo_sad": 0.0,
                "i": 0.45085917211061516,
                "we": 0.3201,
                "you": 0.4673256599226153,
                "shehe": 0.45341376998946653,
                "they": 0.36835619374196316,
                "conflict": 0.0,
                "want": 0.5934518647007805,
                "comment_count": 0.046242774566473986
            },
            "neut_vals": {
                "tone_pos": 0.0,
                "tone_neg": 0.5395857136149502,
                "emotion": 0.0,
                "emo_pos": 0.0,
                "emo_neg": 0.0,
                "emo_anx": 0.0,
                "emo_anger": 0.0,
                "emo_sad": 0.0,
                "i": 0.7836685373647321,
                "we": 0.0,
                "you": 0.32355368444531174,
                "shehe": 1.0,
                "they": 0.6428846978139734,
                "conflict": 1.0,
                "want": 0.0,
                "comment_count": 0.019267822736030827
            },
            "wp_delta": 0.0026172697999999883
        },
        {
            "start_utc": 1700958409,
            "end_utc": 1700959447,
            "home_vals": {
                "tone_pos": 0.21747313687511516,
                "tone_neg": 0.3145964788085208,
                "emotion": 0.3035564339244529,
                "emo_pos": 0.33212374064622663,
                "emo_neg": 0.2380674988604706,
                "emo_anx": 0.0,
                "emo_anger": 0.15926809531155067,
                "emo_sad": 0.26961247602427096,
                "i": 0.35705202220601895,
                "we": 0.42601025641025636,
                "you": 0.7209248126804653,
                "shehe": 0.2234597092396575,
                "they": 0.5587226746678097,
                "conflict": 0.13345329134802816,
                "want": 0.8321880490137211,
                "comment_count": 0.11271676300578035
            },
            "away_vals": {
                "tone_pos": 0.5154126623087978,
                "tone_neg": 0.4297740774901767,
                "emotion": 0.4595757650399912,
                "emo_pos": 0.41374823793179516,
                "emo_neg": 0.33294393346525203,
                "emo_anx": 0.04241931348067153,
                "emo_anger": 0.09449916197016847,
                "emo_sad": 0.48540394595063224,
                "i": 0.2387916479417698,
                "we": 0.5052136882129274,
                "you": 0.5184069875387745,
                "shehe": 0.3125058028209628,
                "they": 0.8092698739689592,
                "conflict": 0.22328211741859924,
                "want": 0.5494411998456663,
                "comment_count": 0.25337186897880537
            },
            "neut_vals": {
                "tone_pos": 0.4317287125772478,
                "tone_neg": 0.437653577074171,
                "emotion": 0.48241346253546796,
                "emo_pos": 0.5655411567675535,
                "emo_neg": 0.31000106922358966,
                "emo_anx": 0.0,
                "emo_anger": 0.25360489385871743,
                "emo_sad": 0.0,
                "i": 0.3534163223188211,
                "we": 0.11017959183673469,
                "you": 0.5683491675310657,
                "shehe": 0.34150402476417163,
                "they": 0.3526115975751637,
                "conflict": 0.16052034849027327,
                "want": 0.6570614368904543,
                "comment_count": 0.09441233140655106
            },
            "wp_delta": 0.059710740999999956
        },
        {
            "start_utc": 1700959637,
            "end_utc": 1700960841,
            "home_vals": {
                "tone_pos": 1.0,
                "tone_neg": 0.5968207535615911,
                "emotion": 1.0,
                "emo_pos": 1.0,
                "emo_neg": 0.6793717075075267,
                "emo_anx": 0.18406168473208695,
                "emo_anger": 1.0,
                "emo_sad": 0.16472407151352325,
                "i": 1.0,
                "we": 0.2798537859007833,
                "you": 1.0,
                "shehe": 0.2818208206729107,
                "they": 0.6290962118049687,
                "conflict": 0.13334758422019655,
                "want": 0.35781331026564817,
                "comment_count": 0.36897880539499034
            },
            "away_vals": {
                "tone_pos": 0.30418823515567694,
                "tone_neg": 0.6741527116357886,
                "emotion": 0.3196673815905801,
                "emo_pos": 0.17576227090879534,
                "emo_neg": 0.4849208903651355,
                "emo_anx": 0.025983349445457406,
                "emo_anger": 0.3805474138617645,
                "emo_sad": 0.22511416236771972,
                "i": 0.39015192926708403,
                "we": 0.3746291666666665,
                "you": 0.4956529214412503,
                "shehe": 0.22226719942893455,
                "they": 1.0,
                "conflict": 0.36462025222990124,
                "want": 0.7723034770953244,
                "comment_count": 0.5086705202312138
            },
            "neut_vals": {
                "tone_pos": 0.6184456485630596,
                "tone_neg": 0.6856102755391891,
                "emotion": 0.5406815455686989,
                "emo_pos": 0.42828348297145263,
                "emo_neg": 0.5288814823185133,
                "emo_anx": 0.07859445047635383,
                "emo_anger": 0.2832043173150673,
                "emo_sad": 0.6075149181838672,
                "i": 0.5920967146181239,
                "we": 0.18190761421319793,
                "you": 0.32147041450419583,
                "shehe": 0.15620693627626112,
                "they": 0.6961505740849127,
                "conflict": 0.3230474663816902,
                "want": 0.6255508692838367,
                "comment_count": 0.7591522157996147
            },
            "wp_delta": 0.1491224915
        },
        {
            "start_utc": 1700960841,
            "end_utc": 1700962246,
            "home_vals": {
                "tone_pos": 0.36663416119070313,
                "tone_neg": 0.7336687477078443,
                "emotion": 0.38123400574319327,
                "emo_pos": 0.22841805044155103,
                "emo_neg": 0.5694828759986967,
                "emo_anx": 0.08244292212524816,
                "emo_anger": 0.1701444303949998,
                "emo_sad": 0.1435139923053518,
                "i": 0.4611352636244554,
                "we": 0.3694414414414414,
                "you": 0.655290889071244,
                "shehe": 0.32261362195289234,
                "they": 0.3527299266690608,
                "conflict": 0.2975124247054072,
                "want": 0.6793089707226739,