{
    "starting_win_prob": 0.55082798,
    "game_datapoints": [
        {
            "start_utc": 1701551575,
            "end_utc": 1701552351,
            "home_vals": {
                "tone_pos": 0.9595734553325252,
                "tone_neg": 0.43993146797636695,
                "emotion": 0.9268531745904519,
                "emo_pos": 1.0,
                "emo_neg": 0.676750655479657,
                "emo_anx": 0.7581651863482615,
                "emo_anger": 0.47696272669679907,
                "emo_sad": 0.34797769014084506,
                "i": 0.7130637464097046,
                "we": 1.0,
                "you": 0.49937885907476565,
                "shehe": 0.25165125390875315,
                "they": 0.756263024874738,
                "conflict": 0.06918853220847931,
                "want": 0.6650345195889821,
                "comment_count": 0.12195121951219512
            },
            "away_vals": {
                "tone_pos": 0.9741047242296821,
                "tone_neg": 0.5206840377617267,
                "emotion": 0.4361639617385251,
                "emo_pos": 0.33314606950046016,
                "emo_neg": 0.35068558001558076,
                "emo_anx": 0.12214966669806088,
                "emo_anger": 0.22963933895069377,
                "emo_sad": 0.0,
                "i": 0.6079954691508935,
                "we": 0.8878058260393813,
                "you": 0.7096146554048124,
                "shehe": 0.19692932589900075,
                "they": 0.7926226218395163,
                "conflict": 0.0,
                "want": 0.6611143194531838,
                "comment_count": 0.03641360357265545
            },
            "neut_vals": {
                "tone_pos": 0.9808617408416981,
                "tone_neg": 0.528314306373104,
                "emotion": 0.701458927457998,
                "emo_pos": 0.7144007691029733,
                "emo_neg": 0.4712646323688238,
                "emo_anx": 0.12717451590344592,
                "emo_anger": 0.3512879899205437,
                "emo_sad": 0.4089456,
                "i": 0.6770219098169117,
                "we": 0.22202864354283178,
                "you": 0.4886675917929958,
                "shehe": 0.21867077854798037,
                "they": 0.7180101858258415,
                "conflict": 0.2742210171201565,
                "want": 0.8258912480717158,
                "comment_count": 0.1975266231535555
            },
            "wp_delta": -0.3092348128
        },
        {
            "start_utc": 1701552538,
            "end_utc": 1701553573,
            "home_vals": {
                "tone_pos": 0.7969975497290338,
                "tone_neg": 0.529692265670298,
                "emotion": 0.7693900285332446,
                "emo_pos": 0.5662963901442017,
                "emo_neg": 0.5668473085534393,
                "emo_anx": 0.286157531328623,
                "emo_anger": 0.15393109098963756,
                "emo_sad": 1.0,
                "i": 0.4746602709397016,
                "we": 0.5048447233705448,
                "you": 0.5559784681313725,
                "shehe": 0.40793278123950827,
                "they": 0.4408729805224211,
                "conflict": 0.9245609609988333,
                "want": 0.3479994867366508,
                "comment_count": 0.08296118172449331
            },
            "away_vals": {
                "tone_pos": 0.8781714502731766,
                "tone_neg": 0.4348796454243559,
                "emotion": 0.5317729409645978,
                "emo_pos": 0.47887592848908805,
                "emo_neg": 0.48673437723924723,
                "emo_anx": 0.06311767586835457,
                "emo_anger": 0.6617470596189958,
                "emo_sad": 0.16145192982456139,
                "i": 0.5737842203890238,
                "we": 0.7829780439818407,
                "you": 0.6588274383007603,
                "shehe": 0.21894515367827963,
                "they": 0.5984471448486816,
                "conflict": 0.4722733229011616,
                "want": 0.9302172745706204,
                "comment_count": 0.05874270010305737
            },
            "neut_vals": {
                "tone_pos": 0.7718270436402115,
                "tone_neg": 0.42332970776443546,
                "emotion": 0.6420001928692445,
                "emo_pos": 0.6279961728744171,
                "emo_neg": 0.49433970133512073,
                "emo_anx": 0.1685607077158792,
                "emo_anger": 0.1736983709733215,
                "emo_sad": 0.6060398826979472,
                "i": 0.6004850859867069,
                "we": 0.2688704574277377,
                "you": 0.6766930731356474,
                "shehe": 0.29449798970936386,
                "they": 0.5343756600783591,
                "conflict": 0.461828984835371,
                "want": 0.5240748009724858,
                "comment_count": 0.17571281346616283
            },
            "wp_delta": 0.02018558979999996
        },
        {
            "start_utc": 1701553607,
            "end_utc": 1701554686,
            "home_vals": {
                "tone_pos": 0.9772059541515836,
                "tone_neg": 0.523575409612218,
                "emotion": 0.5788848368849021,
                "emo_pos": 0.4489508075651028,
                "emo_neg": 0.5581089156741473,
                "emo_anx": 1.0,
                "emo_anger": 0.2261050694841309,
                "emo_sad": 0.16184639999999997,
                "i": 0.807004779660675,
                "we": 0.9798532383563092,
                "you": 0.5561514605674378,
                "shehe": 0.17995483774830648,
                "they": 0.41228124286932466,
                "conflict": 0.6223565730860874,
                "want": 0.170984794100372,
                "comment_count": 0.0601167983510821
            },
            "away_vals": {
                "tone_pos": 0.8859216684530926,
                "tone_neg": 0.3259830586549692,
                "emotion": 0.5119242693280504,
                "emo_pos": 0.3265963575312404,
                "emo_neg": 0.5116680471266406,
                "emo_anx": 0.09824592600119395,
                "emo_anger": 0.6265723932105832,
                "emo_sad": 0.782533740458015,
                "i": 0.7407473188412343,
                "we": 0.9160336246222914,
                "you": 0.839731824105917,
                "shehe": 0.16909900634121278,
                "they": 0.6036883873652511,
                "conflict": 0.6196425111680663,
                "want": 1.0,
                "comment_count": 0.04500171762281003
            },
            "neut_vals": {
                "tone_pos": 0.7923452071945868,
                "tone_neg": 0.6030473877399272,
                "emotion": 0.46884731584416134,
                "emo_pos": 0.33143369995639266,
                "emo_neg": 0.49256531752562255,
                "emo_anx": 0.2605871933873652,
                "emo_anger": 0.5522362303077337,
                "emo_sad": 0.14877290322580644,
                "i": 0.6470624954568289,
                "we": 0.24475686989440795,
                "you": 0.38455745753279164,
                "shehe": 0.0872743689985953,
                "they": 0.9789186849891947,
                "conflict": 0.40666414920315597,
                "want": 0.5955970327829624,
                "comment_count": 0.14908965991068363
            },
            "wp_delta": 0.14586031439999997
        },
        {
            "start_utc": 1701554703,
            "end_utc": 1701555661,
            "home_vals": {
                "tone_pos": 0.7953126012430615,
                "tone_neg": 1.0,
                "emotion": 1.0,
                "emo_pos": 0.6500541976462315,
                "emo_neg": 1.0,
                "emo_anx": 0.38951557843955026,
                "emo_anger": 1.0,
                "emo_sad": 0.0,
                "i": 0.8312460559703516,
                "we": 0.7186730696797462,
                "you": 0.6554793887613665,