{
    "starting_win_prob": 0.5339412689,
    "game_datapoints": [
        {
            "start_utc": 1700959404,
            "end_utc": 1700960457,
            "home_vals": {
                "tone_pos": 0.841758042335937,
                "tone_neg": 0.7977289224293492,
                "emotion": 0.9151508484995055,
                "emo_pos": 0.8243912454508424,
                "emo_neg": 0.4519884612664315,
                "emo_anx": 0.0,
                "emo_anger": 0.7520275934511006,
                "emo_sad": 0.0,
                "i": 0.8546321994669034,
                "we": 1.0,
                "you": 0.2768720215739635,
                "shehe": 0.850802128051291,
                "they": 0.22739289246815775,
                "conflict": 1.0,
                "want": 0.19306499086305748,
                "comment_count": 0.07645875251509054
            },
            "away_vals": {
                "tone_pos": 0.5031582914113832,
                "tone_neg": 0.643271816860469,
                "emotion": 0.37082638590896294,
                "emo_pos": 0.26790741428021503,
                "emo_neg": 0.35763987537505715,
                "emo_anx": 1.0,
                "emo_anger": 0.09279576259090579,
                "emo_sad": 0.0,
                "i": 0.4036798075789419,
                "we": 0.8758573607378893,
                "you": 0.3409273615826025,
                "shehe": 0.5765765679127394,
                "they": 1.0,
                "conflict": 0.2154516456292,
                "want": 0.4560951431457642,
                "comment_count": 0.28269617706237427
            },
            "neut_vals": {
                "tone_pos": 0.8439191547688982,
                "tone_neg": 0.4931566804496151,
                "emotion": 0.4340972882888354,
                "emo_pos": 0.14431118897767917,
                "emo_neg": 0.30091386397779174,
                "emo_anx": 0.0,
                "emo_anger": 0.0,
                "emo_sad": 0.0,
                "i": 0.2694104394923863,
                "we": 0.37960832817975676,
                "you": 0.4258282128007158,
                "shehe": 0.25907826936967154,
                "they": 0.508582591537178,
                "conflict": 0.12583656042101082,
                "want": 0.45096739994699186,
                "comment_count": 0.07243460764587525
            },
            "wp_delta": 0.044922024000000005
        },
        {
            "start_utc": 1700960735,
            "end_utc": 1700961983,
            "home_vals": {
                "tone_pos": 0.7410091180752434,
                "tone_neg": 0.8894151128746437,
                "emotion": 0.5772472066473696,
                "emo_pos": 0.28299758627643745,
                "emo_neg": 0.8038688190768721,
                "emo_anx": 0.35736814260133487,
                "emo_anger": 0.6015140248192927,
                "emo_sad": 0.06757602447617282,
                "i": 0.33504411159203457,
                "we": 0.7241502782931355,
                "you": 0.37169710253789606,
                "shehe": 0.7192841808164063,
                "they": 0.23050926426913876,
                "conflict": 0.0,
                "want": 0.4336436522661013,
                "comment_count": 0.16096579476861167
            },
            "away_vals": {
                "tone_pos": 0.9861601124235801,
                "tone_neg": 0.7323307764044539,
                "emotion": 0.7369619058004182,
                "emo_pos": 0.5435715311225481,
                "emo_neg": 0.6902381625720264,
                "emo_anx": 0.14583694352694473,
                "emo_anger": 0.6218052199567733,
                "emo_sad": 0.07994898471202881,
                "i": 0.4888949071777929,
                "we": 0.6783755926613071,
                "you": 0.4772233562932513,
                "shehe": 0.7475628246390118,
                "they": 0.31818768116101304,
                "conflict": 0.2780490773572154,
                "want": 0.5199194047120314,
                "comment_count": 0.5613682092555332
            },
            "neut_vals": {
                "tone_pos": 1.0,
                "tone_neg": 0.6777108740243672,
                "emotion": 0.7413064824189504,
                "emo_pos": 0.48338099185857303,
                "emo_neg": 0.4620333664676365,
                "emo_anx": 0.3596876641306718,
                "emo_anger": 0.0,
                "emo_sad": 0.6473669571666977,
                "i": 0.6922030187693949,
                "we": 0.1253586305877411,
                "you": 0.46986229567918986,
                "shehe": 0.45247384270412794,
                "they": 0.09903306679262072,
                "conflict": 0.1423710523209739,
                "want": 0.06101445724087235,
                "comment_count": 0.21327967806841047
            },
            "wp_delta": 0.01599675420000002
        },
        {
            "start_utc": 1700961983,
            "end_utc": 1700962953,
            "home_vals": {
                "tone_pos": 0.8059488842915401,
                "tone_neg": 0.3940644502658139,
                "emotion": 0.5816785755251032,
                "emo_pos": 0.5180600370846532,
                "emo_neg": 0.380580809465912,
                "emo_anx": 0.39707571400148317,
                "emo_anger": 0.5221859741145868,
                "emo_sad": 0.06577778292848754,
                "i": 0.4986296896985363,
                "we": 0.8578396206967634,
                "you": 0.2524046322178303,
                "shehe": 0.12953913468483577,
                "they": 0.1659298803907973,
                "conflict": 0.23582563797041012,
                "want": 0.09929837735960187,
                "comment_count": 0.1448692152917505
            },
            "away_vals": {
                "tone_pos": 0.6214523868210565,
                "tone_neg": 0.6919572890529676,
                "emotion": 0.5144569127267121,
                "emo_pos": 0.32061858060187,
                "emo_neg": 0.5359457190856506,
                "emo_anx": 0.5199835644057591,
                "emo_anger": 0.32532612378767306,
                "emo_sad": 0.10841902749138593,
                "i": 0.43043540037813766,
                "we": 0.5472910566198002,
                "you": 0.3096251572804784,
                "shehe": 0.5865182418936961,
                "they": 0.3772025904964108,
                "conflict": 0.2248924204413723,
                "want": 0.23933209647495363,
                "comment_count": 0.5010060362173038
            },
            "neut_vals": {
                "tone_pos": 0.5279288943375987,
                "tone_neg": 0.4897157587898401,
                "emotion": 0.3602083881545656,
                "emo_pos": 0.2306001432688833,
                "emo_neg": 0.30800414689776845,
                "emo_anx": 0.11340482391882359,
                "emo_anger": 0.2506966433186209,
                "emo_sad": 0.11605756304468756,
                "i": 0.5116732319377637,
                "we": 0.25650587507730366,
                "you": 0.4216141632495578,
                "shehe": 0.5603862966465994,
                "they": 0.34462359773473294,
                "conflict": 0.13477435210008937,
                "want": 0.2702825448361163,
                "comment_count": 0.193158953722334
            },
            "wp_delta": -0.06209912889999997
        },
        {
            "start_utc": 1700963193,
            "end_utc": 1700964372,
            "home_vals": {
                "tone_pos": 0.7445089543817613,
                "tone_neg": 0.7070792679082994,
                "emotion": 0.7419260209323566,
                "emo_pos": 0.49914510376394955,
                "emo_neg": 0.7246552960701548,
                "emo_anx": 0.12371435336598936,
                "emo_anger": 0.3262705252486486,
                "emo_sad": 0.0,
                "i": 0.5582490830150935,
                "we": 0.8607735986956766,
                "you": 0.3133883503731673,
                "shehe": 0.2701668192986935,