{
    "starting_win_prob": 0.5334510207,
    "game_datapoints": [
        {
            "start_utc": 1696720026,
            "end_utc": 1696720959,
            "home_vals": {
                "tone_pos": 0.6315044635683218,
                "tone_neg": 0.3792822330992866,
                "emotion": 0.2243374256773071,
                "emo_pos": 0.17115141028319988,
                "emo_neg": 0.34586319370049384,
                "emo_anx": 0.2594808654076586,
                "emo_anger": 0.8085686212125744,
                "emo_sad": 0.0,
                "i": 0.7590194746818036,
                "we": 0.6002045228500587,
                "you": 0.551734337521088,
                "shehe": 0.4084610580701063,
                "they": 0.2960743663703462,
                "conflict": 0.08893164480674037,
                "want": 0.5938893380141236,
                "comment_count": 0.2802709568162574
            },
            "away_vals": {
                "tone_pos": 0.6943187700631602,
                "tone_neg": 0.45378055203595247,
                "emotion": 0.46938809207514315,
                "emo_pos": 0.32827054182225335,
                "emo_neg": 0.9016867426199344,
                "emo_anx": 0.0,
                "emo_anger": 0.8783867517186501,
                "emo_sad": 1.0,
                "i": 0.6877199400555989,
                "we": 0.661915814177087,
                "you": 0.7172566332819045,
                "shehe": 0.10612542698902265,
                "they": 0.2221179995400587,
                "conflict": 0.0,
                "want": 0.0,
                "comment_count": 0.07790008467400508
            },
            "neut_vals": {
                "tone_pos": 0.6026575696378011,
                "tone_neg": 0.5074582988410482,
                "emotion": 0.34222308372559057,
                "emo_pos": 0.15727922842711986,
                "emo_neg": 0.8165997603250638,
                "emo_anx": 0.9687107249493283,
                "emo_anger": 0.3786060170262836,
                "emo_sad": 0.4568134078212291,
                "i": 0.6472204120949849,
                "we": 0.27665048895135336,
                "you": 0.6116541631980089,
                "shehe": 0.2810972049993821,
                "they": 0.6325222724400201,
                "conflict": 0.10137901373927985,
                "want": 0.49648565603959605,
                "comment_count": 0.15156646909398813
            },
            "wp_delta": 0.18225327140000003
        },
        {
            "start_utc": 1696721194,
            "end_utc": 1696722244,
            "home_vals": {
                "tone_pos": 0.0,
                "tone_neg": 0.0,
                "emotion": 0.0,
                "emo_pos": 0.0,
                "emo_neg": 0.0,
                "emo_anx": 0.0,
                "emo_anger": 0.0,
                "emo_sad": 0.0,
                "i": 0.0,
                "we": 0.0,
                "you": 0.0,
                "shehe": 0.0,
                "they": 0.0,
                "conflict": 0.0,
                "want": 0.0,
                "comment_count": 0.0
            },
            "away_vals": {
                "tone_pos": 0.0,
                "tone_neg": 0.0,
                "emotion": 0.0,
                "emo_pos": 0.0,
                "emo_neg": 0.0,
                "emo_anx": 0.0,
                "emo_anger": 0.0,
                "emo_sad": 0.0,
                "i": 0.0,
                "we": 0.0,
                "you": 0.0,
                "shehe": 0.0,
                "they": 0.0,
                "conflict": 0.0,
                "want": 0.0,
                "comment_count": 0.0
            },
            "neut_vals": {
                "tone_pos": 0.0,
                "tone_neg": 0.0,
                "emotion": 0.0,
                "emo_pos": 0.0,
                "emo_neg": 0.0,
                "emo_anx": 0.0,
                "emo_anger": 0.0,
                "emo_sad": 0.0,
                "i": 0.0,
                "we": 0.0,
                "you": 0.0,
                "shehe": 0.0,
                "they": 0.0,
                "conflict": 0.0,
                "want": 0.0,
                "comment_count": 0.0
            },
            "wp_delta": 0.1247814894
        },
        {
            "start_utc": 1696722323,
            "end_utc": 1696723601,
            "home_vals": {
                "tone_pos": 0.507893465625659,
                "tone_neg": 0.5805128001042936,
                "emotion": 0.2109206810812724,
                "emo_pos": 0.15655485671880476,
                "emo_neg": 0.301128086510462,
                "emo_anx": 0.13107403855364905,
                "emo_anger": 0.391456588503897,
                "emo_sad": 0.06042969235111489,
                "i": 0.5918352928761104,
                "we": 0.32817965184296083,
                "you": 0.3760146156307037,
                "shehe": 0.47494534296201446,
                "they": 0.6866359087272556,
                "conflict": 0.13157029978418433,
                "want": 0.4115080811896389,
                "comment_count": 1.0
            },
            "away_vals": {
                "tone_pos": 0.42378096499657547,
                "tone_neg": 0.8238527229701532,
                "emotion": 0.2394589004547466,
                "emo_pos": 0.09950688326702026,
                "emo_neg": 0.650682765887748,
                "emo_anx": 0.06020529563124256,
                "emo_anger": 0.45884983635141624,
                "emo_sad": 0.32228895643363725,
                "i": 0.7838715326753889,
                "we": 0.6518597913645436,
                "you": 0.4668364313477401,
                "shehe": 0.21144442976080355,
                "they": 0.5646171216898286,
                "conflict": 0.14797793841210222,
                "want": 0.7049112842512418,
                "comment_count": 0.2785774767146486
            },
            "neut_vals": {
                "tone_pos": 0.5253853620546091,
                "tone_neg": 0.6718133323791916,
                "emotion": 0.2628512749693486,
                "emo_pos": 0.18090111766800468,
                "emo_neg": 0.5093989031606292,
                "emo_anx": 0.047847687639625214,
                "emo_anger": 0.31455284951572077,
                "emo_sad": 0.6220222222222223,
                "i": 0.5059542925965961,
                "we": 0.20677421051187547,
                "you": 0.42346647640062196,
                "shehe": 0.234168475816073,
                "they": 1.0,
                "conflict": 0.1313760041001284,
                "want": 0.3470352643840055,
                "comment_count": 0.5283657917019475
            },
            "wp_delta": 0.07458530369999994
        },
        {
            "start_utc": 1696723659,
            "end_utc": 1696724984,
            "home_vals": {
                "tone_pos": 0.4989006394208615,
                "tone_neg": 0.4677804628314277,
                "emotion": 0.2481237695801483,
                "emo_pos": 0.16974488404402474,
                "emo_neg": 0.37319930475518653,
                "emo_anx": 0.017811552308590037,
                "emo_anger": 0.3258342767484651,
                "emo_sad": 0.0788043900909376,
                "i": 0.7685264142557909,
                "we": 0.19577004220943028,
                "you": 0.38615534567167736,
                "shehe": 0.9692494150013664,
                "they": 0.515919092059765,
                "conflict": 0.10797791761048782,
                "want": 0.6143157699427088,
                "comment_count": 0.9000846740050804
            },
            "away_vals": {
                "tone_pos": 0.3716225235089033,
                "tone_neg": 0.6108808472904872,
                "emotion": 0.2831408272547367,
                "emo_pos": 0.12040598551156118,
                "emo_neg": 0.7673353866644468,
                "emo_anx": 0.5223573898107999,
                "emo_anger": 0.09292021352305879,
                "emo_sad": 0.34346666666666664,