{
    "starting_win_prob": 0.5473735332,
    "game_datapoints": [
        {
            "start_utc": 1698522413,
            "end_utc": 1698523454,
            "home_vals": {
                "tone_pos": 0.733786434029891,
                "tone_neg": 0.08366705557132195,
                "emotion": 0.4541935483870968,
                "emo_pos": 0.36257245603847355,
                "emo_neg": 0.10270967741935483,
                "emo_anx": 0.0,
                "emo_anger": 0.38469550682334164,
                "emo_sad": 0.0,
                "i": 0.12426034779696403,
                "we": 0.8335751042475517,
                "you": 0.17373646579257243,
                "shehe": 0.0,
                "they": 0.3210967741935484,
                "conflict": 0.0,
                "want": 0.0,
                "comment_count": 0.0446685878962536
            },
            "away_vals": {
                "tone_pos": 0.3133423180592992,
                "tone_neg": 0.07038123167155425,
                "emotion": 0.0,
                "emo_pos": 0.0,
                "emo_neg": 0.0,
                "emo_anx": 0.0,
                "emo_anger": 0.0,
                "emo_sad": 0.0,
                "i": 0.7318566394387699,
                "we": 0.5952571739936722,
                "you": 0.8972794589166232,
                "shehe": 1.0,
                "they": 0.0,
                "conflict": 0.0,
                "want": 0.0,
                "comment_count": 0.020172910662824207
            },
            "neut_vals": {
                "tone_pos": 0.43016871318758115,
                "tone_neg": 0.3368554981458207,
                "emotion": 0.32220952380952383,
                "emo_pos": 0.24406121177970871,
                "emo_neg": 0.12521904761904762,
                "emo_anx": 0.0,
                "emo_anger": 0.0,
                "emo_sad": 0.08994285714285714,
                "i": 0.4512180378953143,
                "we": 0.38667906022628945,
                "you": 0.17947383916724133,
                "shehe": 0.0313031303130313,
                "they": 0.5911428571428571,
                "conflict": 0.0,
                "want": 0.0,
                "comment_count": 0.06051873198847262
            },
            "wp_delta": 0.035728097000000014
        },
        {
            "start_utc": 1698523472,
            "end_utc": 1698524470,
            "home_vals": {
                "tone_pos": 0.4441989351300344,
                "tone_neg": 0.4372295320327643,
                "emotion": 0.569417515274949,
                "emo_pos": 0.44285945621380574,
                "emo_neg": 0.3379910386965378,
                "emo_anx": 0.13581804589323557,
                "emo_anger": 0.8789396294948676,
                "emo_sad": 0.07109735234215886,
                "i": 0.4267192551061774,
                "we": 0.28282644444776667,
                "you": 0.3641758134090428,
                "shehe": 0.8707445082593801,
                "they": 0.4424969450101833,
                "conflict": 0.13377244018325118,
                "want": 0.6002348405910316,
                "comment_count": 0.3537463976945245
            },
            "away_vals": {
                "tone_pos": 0.3230712788259958,
                "tone_neg": 0.4552883675464321,
                "emotion": 0.4591199999999999,
                "emo_pos": 0.15703965123520863,
                "emo_neg": 0.28083199999999997,
                "emo_anx": 0.0,
                "emo_anger": 0.540262954369683,
                "emo_sad": 0.0,
                "i": 0.3693092342086317,
                "we": 0.6011526010449055,
                "you": 0.6281333107478613,
                "shehe": 0.7617461746174619,
                "they": 0.62688,
                "conflict": 0.273684097267054,
                "want": 0.6401072066706374,
                "comment_count": 0.07204610951008646
            },
            "neut_vals": {
                "tone_pos": 0.6087510880625744,
                "tone_neg": 0.22134950714464008,
                "emotion": 0.5998409356725147,
                "emo_pos": 0.9074906836671638,
                "emo_neg": 0.08951578947368422,
                "emo_anx": 0.0,
                "emo_anger": 0.046521304550367924,
                "emo_sad": 0.007204678362573099,
                "i": 0.38456668618865064,
                "we": 0.21591335304831527,
                "you": 0.5679874710066433,
                "shehe": 0.7917177682680548,
                "they": 0.34003508771929825,
                "conflict": 0.1253849241855086,
                "want": 0.8347213079353137,
                "comment_count": 0.12319884726224783
            },
            "wp_delta": -0.2098882794
        },
        {
            "start_utc": 1698524554,
            "end_utc": 1698526138,
            "home_vals": {
                "tone_pos": 0.7550673940756055,
                "tone_neg": 0.3952080064379037,
                "emotion": 0.6250213256484152,
                "emo_pos": 0.7177021515247266,
                "emo_neg": 0.21095100864553307,
                "emo_anx": 0.20996397031726813,
                "emo_anger": 0.322606096672172,
                "emo_sad": 0.03911008645533141,
                "i": 0.515106287325924,
                "we": 0.5270509944852483,
                "you": 0.5491914994987831,
                "shehe": 0.4994565738994648,
                "they": 0.6346383285302596,
                "conflict": 0.4999771319105817,
                "want": 0.6024856980534247,
                "comment_count": 1.0
            },
            "away_vals": {
                "tone_pos": 0.4932154905006811,
                "tone_neg": 0.6537065557720004,
                "emotion": 0.5138110311750599,
                "emo_pos": 0.3613688900002511,
                "emo_neg": 0.3133659472422063,
                "emo_anx": 0.12798210373743327,
                "emo_anger": 0.26604980516746707,
                "emo_sad": 0.02871558752997601,
                "i": 0.3685856134917007,
                "we": 0.7630860086442852,
                "you": 0.3760725814199151,
                "shehe": 0.4384150645280354,
                "they": 0.45477697841726616,
                "conflict": 0.4191195784495709,
                "want": 0.1713549946225271,
                "comment_count": 0.3004322766570605
            },
            "neut_vals": {
                "tone_pos": 0.6362945107854091,
                "tone_neg": 0.4547947381541242,
                "emotion": 0.48179970631424396,
                "emo_pos": 0.36919506507941,
                "emo_neg": 0.21170279001468426,
                "emo_anx": 0.0,
                "emo_anger": 0.11213038012203974,
                "emo_sad": 0.01085697503671072,
                "i": 0.41788041144049054,
                "we": 0.17608983382171928,
                "you": 0.4011469589147131,
                "shehe": 0.3883877374521593,
                "they": 0.5802995594713657,
                "conflict": 0.04432272316910124,
                "want": 0.4426853618028351,
                "comment_count": 0.49063400576368876
            },
            "wp_delta": -0.25962957740000003
        },
        {
            "start_utc": 1698526139,
            "end_utc": 1698527023,
            "home_vals": {
                "tone_pos": 0.3536702933480237,
                "tone_neg": 0.46603068595062963,
                "emotion": 0.10939562043795618,
                "emo_pos": 0.08678466060093476,
                "emo_neg": 0.06644087591240876,
                "emo_anx": 0.0,
                "emo_anger": 0.0,
                "emo_sad": 0.0,
                "i": 0.18434231753968322,
                "we": 0.2421488804034755,
                "you": 0.4408571804799702,
                "shehe": 0.5667041156670414,
                "they": 0.9783284671532846,
                "conflict": 0.6043409216212013,
                "want": 0.5667041991453028,
                "comment_count": 0.19740634005763688
            },