{
    "starting_win_prob": 0.5011326075,
    "game_datapoints": [
        {
            "start_utc": 1703970719,
            "end_utc": 1703971399,
            "home_vals": {
                "tone_pos": 0.4467668168246383,
                "tone_neg": 0.7437431339778935,
                "emotion": 0.5679935691667617,
                "emo_pos": 0.2882085214849974,
                "emo_neg": 0.633189398084478,
                "emo_anx": 1.0,
                "emo_anger": 0.586497269235991,
                "emo_sad": 0.1110063584357897,
                "i": 0.8156185724050322,
                "we": 0.3333014392697999,
                "you": 0.9266625416187868,
                "shehe": 1.0,
                "they": 0.4303153755068408,
                "conflict": 0.30416903006239376,
                "want": 0.33676218466813623,
                "comment_count": 0.0754014428671166
            },
            "away_vals": {
                "tone_pos": 0.6929879579779646,
                "tone_neg": 0.7168928600494725,
                "emotion": 0.5451946518297506,
                "emo_pos": 0.43760490015456915,
                "emo_neg": 0.3375975415558549,
                "emo_anx": 0.2663674262163059,
                "emo_anger": 0.09368141209191089,
                "emo_sad": 0.26660658529037784,
                "i": 0.6823037011230048,
                "we": 1.0,
                "you": 0.8685890591634218,
                "shehe": 0.6821908614238947,
                "they": 0.20187967255423647,
                "conflict": 0.6522393796459387,
                "want": 0.20997283344290193,
                "comment_count": 0.07074703281359088
            },
            "neut_vals": {
                "tone_pos": 0.6189150293942788,
                "tone_neg": 0.6360680548338392,
                "emotion": 0.7618864698567375,
                "emo_pos": 0.4488723321983969,
                "emo_neg": 0.3770993254745747,
                "emo_anx": 0.2651503956365786,
                "emo_anger": 0.2822465359841088,
                "emo_sad": 0.27643153530422404,
                "i": 0.7011545029172036,
                "we": 0.1927331528364357,
                "you": 0.27191281064842854,
                "shehe": 0.34989185990757077,
                "they": 0.7580511071431456,
                "conflict": 0.8163324049068333,
                "want": 0.25113228859376896,
                "comment_count": 0.18710728415173378
            },
            "wp_delta": -0.007439285600000012
        },
        {
            "start_utc": 1703971462,
            "end_utc": 1703972627,
            "home_vals": {
                "tone_pos": 1.0,
                "tone_neg": 0.42007842261474526,
                "emotion": 1.0,
                "emo_pos": 1.0,
                "emo_neg": 0.34198144374270245,
                "emo_anx": 0.7952582492291783,
                "emo_anger": 0.3552105767530431,
                "emo_sad": 0.1309607165280618,
                "i": 1.0,
                "we": 0.536582422064037,
                "you": 0.8392309450058397,
                "shehe": 0.26990772385509226,
                "they": 0.31852907684660886,
                "conflict": 0.0,
                "want": 0.3121726827895634,
                "comment_count": 0.021875727251570862
            },
            "away_vals": {
                "tone_pos": 0.3703870235515806,
                "tone_neg": 0.3659488442769452,
                "emotion": 0.35900111034294935,
                "emo_pos": 0.23230777923747373,
                "emo_neg": 0.28925481820428806,
                "emo_anx": 0.0,
                "emo_anger": 0.34169056001161396,
                "emo_sad": 0.0,
                "i": 0.2671024107225888,
                "we": 0.6133544617962806,
                "you": 0.7232219570405731,
                "shehe": 0.17051313348305833,
                "they": 0.39559974858711705,
                "conflict": 0.1233789806336602,
                "want": 0.23512123438648058,
                "comment_count": 0.024435652781010005
            },
            "neut_vals": {
                "tone_pos": 0.5550026855561727,
                "tone_neg": 0.7629453543284146,
                "emotion": 0.7308787131218523,
                "emo_pos": 0.3263490207711682,
                "emo_neg": 0.9325972392417329,
                "emo_anx": 0.2722961371767429,
                "emo_anger": 1.0,
                "emo_sad": 0.5438007677225877,
                "i": 0.5952734387016113,
                "we": 0.17260646603229662,
                "you": 0.6422802056383414,
                "shehe": 0.4825111862926989,
                "they": 0.5115832416369348,
                "conflict": 0.42318622287258656,
                "want": 0.28649226038688813,
                "comment_count": 0.08308121945543402
            },
            "wp_delta": -0.1591821611
        },
        {
            "start_utc": 1703972651,
            "end_utc": 1703974091,
            "home_vals": {
                "tone_pos": 0.5070831029501496,
                "tone_neg": 0.9021500381596577,
                "emotion": 0.8640084411633246,
                "emo_pos": 0.5435187889102584,
                "emo_neg": 0.7773648715742827,
                "emo_anx": 0.06018775596936085,
                "emo_anger": 0.7238664224131064,
                "emo_sad": 0.0414592004114871,
                "i": 0.6232518195006554,
                "we": 0.3213017467924132,
                "you": 0.5811396048498124,
                "shehe": 0.6686423996821372,
                "they": 0.6639366955711276,
                "conflict": 0.9311980868811643,
                "want": 0.1748108704296756,
                "comment_count": 0.20898301140330464
            },
            "away_vals": {
                "tone_pos": 0.5251889215317981,
                "tone_neg": 0.6926886995518821,
                "emotion": 0.728616235127596,
                "emo_pos": 0.39499231876778385,
                "emo_neg": 0.65635367276441,
                "emo_anx": 0.14806432204038486,
                "emo_anger": 0.33983480003720784,
                "emo_sad": 0.04784735293532747,
                "i": 0.5487713318602604,
                "we": 0.5457144542327481,
                "you": 0.8405323300389731,
                "shehe": 0.3129964124029616,
                "they": 0.5069054566102004,
                "conflict": 0.7657534037477709,
                "want": 0.2344450077469474,
                "comment_count": 0.2161973469862695
            },
            "neut_vals": {
                "tone_pos": 0.5227066027778907,
                "tone_neg": 0.763368151032817,
                "emotion": 0.6831333906769769,
                "emo_pos": 0.3352454627332087,
                "emo_neg": 0.6307582356546607,
                "emo_anx": 0.5321793551196274,
                "emo_anger": 0.36131827848422354,
                "emo_sad": 0.3114931756811067,
                "i": 0.5155473627915762,
                "we": 0.20478111570236354,
                "you": 0.5871374598278527,
                "shehe": 0.4802623559226259,
                "they": 0.8719048951961971,
                "conflict": 0.6349224840330011,
                "want": 0.2460894914283137,
                "comment_count": 0.6446357924133116
            },
            "wp_delta": -0.24432514979999997
        },
        {
            "start_utc": 1703974300,
            "end_utc": 1703975493,
            "home_vals": {
                "tone_pos": 0.46629102826427987,
                "tone_neg": 0.7007692086234911,
                "emotion": 0.5157002019104016,
                "emo_pos": 0.33275503519738514,
                "emo_neg": 0.4676419398687271,
                "emo_anx": 0.3571020341108661,
                "emo_anger": 0.4842663128234183,
                "emo_sad": 0.16455937850621233,
                "i": 0.4395076477643817,
                "we": 0.31089937975555526,
                "you": 0.8330567331938574,