{
    "starting_win_prob": 0.3916614652,
    "game_datapoints": [
        {
            "start_utc": 1693784765,
            "end_utc": 1693785620,
            "home_vals": {
                "tone_pos": 0.9518227073602575,
                "tone_neg": 0.9576713603875517,
                "emotion": 0.8843742396449671,
                "emo_pos": 0.402258399273115,
                "emo_neg": 0.910459251640162,
                "emo_anx": 0.5707900249509654,
                "emo_anger": 0.2645771444470994,
                "emo_sad": 0.0,
                "i": 0.6816546622369349,
                "we": 0.4767378319754034,
                "you": 0.8975814682884297,
                "shehe": 0.2598225371556921,
                "they": 0.7151204388584632,
                "conflict": 0.14404458844403303,
                "want": 0.3363819488863643,
                "comment_count": 0.06563876651982378
            },
            "away_vals": {
                "tone_pos": 0.7927983681283383,
                "tone_neg": 0.5200760596613563,
                "emotion": 0.8525232766337871,
                "emo_pos": 0.6634272179667345,
                "emo_neg": 0.3578638164892769,
                "emo_anx": 0.0,
                "emo_anger": 0.2864722396311781,
                "emo_sad": 0.0,
                "i": 0.4302875450903778,
                "we": 0.688909026988467,
                "you": 0.6753932307985184,
                "shehe": 0.20352466434616653,
                "they": 0.528169650985977,
                "conflict": 0.11176016228698218,
                "want": 0.15393212761633812,
                "comment_count": 0.06541850220264317
            },
            "neut_vals": {
                "tone_pos": 0.7628079488052327,
                "tone_neg": 0.8156834372134091,
                "emotion": 0.781706047715441,
                "emo_pos": 0.4560145066989862,
                "emo_neg": 0.5290772317169072,
                "emo_anx": 0.08740834868604336,
                "emo_anger": 0.33062612144678427,
                "emo_sad": 0.0711434373791081,
                "i": 0.7176226051805318,
                "we": 0.17059544345499286,
                "you": 0.7300441569212317,
                "shehe": 0.32820213074486987,
                "they": 0.8012365200179945,
                "conflict": 0.3330716971761033,
                "want": 0.43984648162618856,
                "comment_count": 0.5768722466960352
            },
            "wp_delta": -0.023260206000000005
        },
        {
            "start_utc": 1693785688,
            "end_utc": 1693786865,
            "home_vals": {
                "tone_pos": 0.6785512095909484,
                "tone_neg": 0.7549921438294082,
                "emotion": 0.737086340398159,
                "emo_pos": 0.5514724799092003,
                "emo_neg": 0.5389252767525503,
                "emo_anx": 0.6570756547235701,
                "emo_anger": 0.4307438739529443,
                "emo_sad": 0.08531553716989679,
                "i": 0.762117515796888,
                "we": 0.9104307904379558,
                "you": 0.8688550463412186,
                "shehe": 0.34236227565270877,
                "they": 0.7022339638115207,
                "conflict": 0.16481576239043455,
                "want": 0.3017955323896233,
                "comment_count": 0.10947136563876651
            },
            "away_vals": {
                "tone_pos": 0.7785446097449414,
                "tone_neg": 0.3241475435833858,
                "emotion": 0.8056133570317744,
                "emo_pos": 0.7619004168411649,
                "emo_neg": 0.31291092996990927,
                "emo_anx": 0.24830608187609043,
                "emo_anger": 0.16040134062880035,
                "emo_sad": 0.2453760861964446,
                "i": 0.5209682905239569,
                "we": 1.0,
                "you": 0.8071180816640574,
                "shehe": 0.563593041325871,
                "they": 0.39317379978294903,
                "conflict": 0.19164152076713653,
                "want": 0.3463027523177899,
                "comment_count": 0.11872246696035242
            },
            "neut_vals": {
                "tone_pos": 0.7785359621790463,
                "tone_neg": 0.5542677111823177,
                "emotion": 0.8178203602266586,
                "emo_pos": 0.603279617416719,
                "emo_neg": 0.48527089900857734,
                "emo_anx": 0.2553683527353702,
                "emo_anger": 0.44943605855274416,
                "emo_sad": 0.23461971931337558,
                "i": 0.6895136319140994,
                "we": 0.3072273882816243,
                "you": 0.6710162189646169,
                "shehe": 0.5794030529946074,
                "they": 0.7433140586123707,
                "conflict": 0.4505964575560873,
                "want": 0.5929407909510603,
                "comment_count": 0.5870044052863436
            },
            "wp_delta": -0.0054136811999999646
        },
        {
            "start_utc": 1693787010,
            "end_utc": 1693787952,
            "home_vals": {
                "tone_pos": 0.6944800007825445,
                "tone_neg": 0.9598986643512832,
                "emotion": 0.7475265537693624,
                "emo_pos": 0.29937547624304417,
                "emo_neg": 0.6238381242831001,
                "emo_anx": 0.0,
                "emo_anger": 0.6218596255871626,
                "emo_sad": 0.0,
                "i": 0.913352087766778,
                "we": 0.3622666555572809,
                "you": 0.8834307652037351,
                "shehe": 0.7503241783610891,
                "they": 1.0,
                "conflict": 0.4247854668556133,
                "want": 0.8655276484899773,
                "comment_count": 0.12863436123348018
            },
            "away_vals": {
                "tone_pos": 1.0,
                "tone_neg": 0.5642593727774013,
                "emotion": 0.9228409761736417,
                "emo_pos": 0.9056944470696007,
                "emo_neg": 0.29747045245530906,
                "emo_anx": 0.3364379261983329,
                "emo_anger": 0.2262253281707432,
                "emo_sad": 0.022906490059031392,
                "i": 0.8559294663043143,
                "we": 0.5734480265489337,
                "you": 0.9926777999385501,
                "shehe": 0.5055027790881925,
                "they": 0.7065390502526794,
                "conflict": 0.5345340722495894,
                "want": 0.3570186561815117,
                "comment_count": 0.14955947136563877
            },
            "neut_vals": {
                "tone_pos": 0.9247461029053876,
                "tone_neg": 0.9324426396983956,
                "emotion": 0.9116901019460075,
                "emo_pos": 0.7097259486818007,
                "emo_neg": 0.44596695266290953,
                "emo_anx": 0.11025631646761053,
                "emo_anger": 0.32953761709476137,
                "emo_sad": 0.19584697088674766,
                "i": 0.718919977910434,
                "we": 0.1198231103212497,
                "you": 0.7106058539976006,
                "shehe": 0.7670366684913356,
                "they": 0.7733962149040364,
                "conflict": 0.4956182939021978,
                "want": 0.3615862158776197,
                "comment_count": 0.85
            },
            "wp_delta": 0.016524136000000023
        },
        {
            "start_utc": 1693787963,
            "end_utc": 1693789563,
            "home_vals": {
                "tone_pos": 0.8385284176981758,
                "tone_neg": 0.6955097996568301,
                "emotion": 0.8320484234358758,
                "emo_pos": 0.743039359847546,
                "emo_neg": 0.41941988885501935,
                "emo_anx": 0.27927251306972983,
                "emo_anger": 0.1490439064997569,
                "emo_sad": 0.11766037797208909,
                "i": 0.792199148189938,
                "we": 0.6395049782064811,