{
    "starting_win_prob": 0.447694242,
    "game_datapoints": [
        {
            "start_utc": 1700932399,
            "end_utc": 1700933236,
            "home_vals": {
                "tone_pos": 1.0,
                "tone_neg": 0.6742286242104314,
                "emotion": 0.8081751203045816,
                "emo_pos": 0.762447446117974,
                "emo_neg": 0.7392899678786827,
                "emo_anx": 0.8505109543248315,
                "emo_anger": 0.7588667194534868,
                "emo_sad": 0.31299480807898916,
                "i": 0.7348186425770797,
                "we": 0.7724452348551467,
                "you": 0.6660291181612865,
                "shehe": 0.26749973730521837,
                "they": 0.6377242823725926,
                "conflict": 0.2682272091898614,
                "want": 0.1315357396549882,
                "comment_count": 0.08987603305785125
            },
            "away_vals": {
                "tone_pos": 0.6336431642334873,
                "tone_neg": 0.8341452368036291,
                "emotion": 0.6656226128943664,
                "emo_pos": 0.618747806676907,
                "emo_neg": 0.67952030407598,
                "emo_anx": 0.501778449047091,
                "emo_anger": 0.2658116893177992,
                "emo_sad": 0.22391081503353036,
                "i": 0.8988869760111595,
                "we": 0.9899225015400367,
                "you": 0.9015420584479145,
                "shehe": 0.3475944915861059,
                "they": 0.6890820268030976,
                "conflict": 1.0,
                "want": 0.33848096572015834,
                "comment_count": 0.09848484848484848
            },
            "neut_vals": {
                "tone_pos": 0.7195532994713776,
                "tone_neg": 0.6568718784156237,
                "emotion": 0.8248884572726687,
                "emo_pos": 0.9046849268463654,
                "emo_neg": 0.6394155021045004,
                "emo_anx": 0.41499489440361287,
                "emo_anger": 0.45097686754670635,
                "emo_sad": 0.26264019730845095,
                "i": 0.9040298919112516,
                "we": 0.36985252670045393,
                "you": 0.585343023241313,
                "shehe": 0.39083909506793024,
                "they": 0.6954899335600965,
                "conflict": 0.8015954263887529,
                "want": 0.4072031417754415,
                "comment_count": 0.25757575757575757
            },
            "wp_delta": 0.02536788579999999
        },
        {
            "start_utc": 1700933236,
            "end_utc": 1700934649,
            "home_vals": {
                "tone_pos": 0.829120763069425,
                "tone_neg": 0.39808030611859613,
                "emotion": 0.7783685045464365,
                "emo_pos": 1.0,
                "emo_neg": 0.5082998785352288,
                "emo_anx": 0.25610543904241057,
                "emo_anger": 0.4946204961664372,
                "emo_sad": 0.04001148285160554,
                "i": 0.6448162559867173,
                "we": 0.8862226297759624,
                "you": 0.5647306820379671,
                "shehe": 1.0,
                "they": 0.3772191766713827,
                "conflict": 0.2046581156727652,
                "want": 0.19033823984508044,
                "comment_count": 0.19507575757575757
            },
            "away_vals": {
                "tone_pos": 0.7195750118048905,
                "tone_neg": 0.7228607770057285,
                "emotion": 0.8196751641340382,
                "emo_pos": 0.6593623231135051,
                "emo_neg": 0.841014550338988,
                "emo_anx": 0.21919310445454418,
                "emo_anger": 0.5826876594601854,
                "emo_sad": 0.20905488850032228,
                "i": 0.8231180187683694,
                "we": 0.48256104915530845,
                "you": 0.6978058829442217,
                "shehe": 0.634377773730427,
                "they": 0.5108474481083565,
                "conflict": 0.8066668319384598,
                "want": 0.23323606136829264,
                "comment_count": 0.23829201101928374
            },
            "neut_vals": {
                "tone_pos": 0.6832312350536601,
                "tone_neg": 0.5110711124981074,
                "emotion": 0.6045359660974721,
                "emo_pos": 0.5325457813560753,
                "emo_neg": 0.5170187778894209,
                "emo_anx": 0.1156997164947929,
                "emo_anger": 0.23280195701799972,
                "emo_sad": 0.05237494121272074,
                "i": 0.8100375655508869,
                "we": 0.1961428701087056,
                "you": 0.49904907779969665,
                "shehe": 0.7504395377210876,
                "they": 0.6293299684504159,
                "conflict": 0.3984319490912043,
                "want": 0.2565670734661485,
                "comment_count": 0.59400826446281
            },
            "wp_delta": 0.12809890509999994
        },
        {
            "start_utc": 1700934818,
            "end_utc": 1700936386,
            "home_vals": {
                "tone_pos": 0.8591490932373098,
                "tone_neg": 0.48330959076393204,
                "emotion": 0.6854176372127178,
                "emo_pos": 0.7763432572941744,
                "emo_neg": 0.4570398677146286,
                "emo_anx": 0.1991738743492891,
                "emo_anger": 0.2657073372905632,
                "emo_sad": 0.1926046266206655,
                "i": 0.5890320901450793,
                "we": 0.48769699968505453,
                "you": 0.7048217033608681,
                "shehe": 0.6201287175784543,
                "they": 0.7097591666717413,
                "conflict": 0.2634412355402582,
                "want": 0.21454099435283897,
                "comment_count": 0.3903236914600551
            },
            "away_vals": {
                "tone_pos": 0.52231390624343,
                "tone_neg": 0.5592766338045833,
                "emotion": 0.617016322087821,
                "emo_pos": 0.48945508794562376,
                "emo_neg": 0.6619008838388635,
                "emo_anx": 0.33740335409843375,
                "emo_anger": 0.38439640862572505,
                "emo_sad": 0.08619702396262902,
                "i": 0.6147292898172138,
                "we": 0.6381843701915358,
                "you": 0.4840897332816598,
                "shehe": 0.5414577800951179,
                "they": 0.5673434191858064,
                "conflict": 0.5533043009696988,
                "want": 0.20435868944016267,
                "comment_count": 0.3128443526170799
            },
            "neut_vals": {
                "tone_pos": 0.6494492292259437,
                "tone_neg": 0.4908746506296451,
                "emotion": 0.5844406417453392,
                "emo_pos": 0.5091751875959701,
                "emo_neg": 0.5059101786677054,
                "emo_anx": 0.23417812935730378,
                "emo_anger": 0.334715514826871,
                "emo_sad": 0.1452813066270836,
                "i": 0.6705094826674528,
                "we": 0.14431726497169664,
                "you": 0.4675004967312964,
                "shehe": 0.5130486297620916,
                "they": 0.7864237909286571,
                "conflict": 0.3859107622089028,
                "want": 0.1974298100208565,
                "comment_count": 0.9273415977961432
            },
            "wp_delta": 0.10072940590000001
        },
        {
            "start_utc": 1700936386,
            "end_utc": 1700937320,
            "home_vals": {
                "tone_pos": 0.6483984002077146,
                "tone_neg": 0.5384078240781647,
                "emotion": 0.6934026845382031,
                "emo_pos": 0.4689154532866964,
                "emo_neg": 0.8105358266744215,
                "emo_anx": 0.04357831977804271,
                "emo_anger": 0.30903470848712045,
                "emo_sad": 0.7997886856156129,
                "i": 0.6347448629450188,