{
    "starting_win_prob": 0.5328556299,
    "game_datapoints": [
        {
            "start_utc": 1701566363,
            "end_utc": 1701566971,
            "home_vals": {
                "tone_pos": 1.0,
                "tone_neg": 0.3284418579713726,
                "emotion": 1.0,
                "emo_pos": 1.0,
                "emo_neg": 0.29546018119997247,
                "emo_anx": 0.21946130083010662,
                "emo_anger": 0.4005368556500927,
                "emo_sad": 0.09911422216148015,
                "i": 0.837758148268552,
                "we": 0.4330981388491782,
                "you": 0.4445194764502845,
                "shehe": 0.8692506934103088,
                "they": 0.7833239239729997,
                "conflict": 0.3366829919020917,
                "want": 0.5539258994173497,
                "comment_count": 0.14531625300240192
            },
            "away_vals": {
                "tone_pos": 0.6833451318713522,
                "tone_neg": 0.5184240158481854,
                "emotion": 0.8374613516141836,
                "emo_pos": 0.7247273984296055,
                "emo_neg": 0.5419821999181494,
                "emo_anx": 0.0,
                "emo_anger": 0.5915497301762166,
                "emo_sad": 0.0,
                "i": 0.814708424509297,
                "we": 1.0,
                "you": 0.29721736391485404,
                "shehe": 1.0,
                "they": 0.12500804123332374,
                "conflict": 0.1656753550310747,
                "want": 1.0,
                "comment_count": 0.06485188150520416
            },
            "neut_vals": {
                "tone_pos": 0.8012390884154906,
                "tone_neg": 0.5096975546631123,
                "emotion": 0.6473489999461686,
                "emo_pos": 0.4521855725058149,
                "emo_neg": 0.6267550979430345,
                "emo_anx": 0.11449030158045559,
                "emo_anger": 0.73481829655567,
                "emo_sad": 0.33343590197380574,
                "i": 0.7554867177759298,
                "we": 0.2123492731448677,
                "you": 0.5522206804897029,
                "shehe": 0.7452807412302426,
                "they": 0.7612643910167934,
                "conflict": 0.6232639408466983,
                "want": 0.9668722305171598,
                "comment_count": 0.2477982385908727
            },
            "wp_delta": -0.0998218655
        },
        {
            "start_utc": 1701567012,
            "end_utc": 1701568704,
            "home_vals": {
                "tone_pos": 0.9411284734205512,
                "tone_neg": 0.5390321763705122,
                "emotion": 0.7727552184942164,
                "emo_pos": 0.6797477758140625,
                "emo_neg": 0.5419950625423684,
                "emo_anx": 1.0,
                "emo_anger": 0.25639040377693795,
                "emo_sad": 0.2697506499997575,
                "i": 0.7817245433582248,
                "we": 0.3832492036262126,
                "you": 0.5229375651502468,
                "shehe": 0.9450810668903694,
                "they": 0.5226886981234696,
                "conflict": 0.2805903571518724,
                "want": 0.3123945069499897,
                "comment_count": 0.45316253002401924
            },
            "away_vals": {
                "tone_pos": 0.8679945903717649,
                "tone_neg": 0.7866990928596322,
                "emotion": 0.6591027236605066,
                "emo_pos": 0.34135503710665743,
                "emo_neg": 0.917685522099526,
                "emo_anx": 0.18460176510100995,
                "emo_anger": 0.4110044328935172,
                "emo_sad": 1.0,
                "i": 0.6972425988551159,
                "we": 0.7401912933487043,
                "you": 0.6933389671315878,
                "shehe": 0.3612608976568632,
                "they": 0.28582240231774386,
                "conflict": 0.4261205081169877,
                "want": 0.5586355115047744,
                "comment_count": 0.19735788630904724
            },
            "neut_vals": {
                "tone_pos": 0.7671273541972982,
                "tone_neg": 0.5700901016915233,
                "emotion": 0.5718228955436067,
                "emo_pos": 0.3993007049737561,
                "emo_neg": 0.5221612776949837,
                "emo_anx": 0.49938077619645027,
                "emo_anger": 0.4351827011363273,
                "emo_sad": 0.38764673556490026,
                "i": 0.7350099798558186,
                "we": 0.21722432044257659,
                "you": 0.4362307195840181,
                "shehe": 0.760106616981084,
                "they": 0.5399731395494108,
                "conflict": 0.4636114545788839,
                "want": 0.5358346660105796,
                "comment_count": 0.5944755804643715
            },
            "wp_delta": -0.18604883549999998
        },
        {
            "start_utc": 1701568747,
            "end_utc": 1701569924,
            "home_vals": {
                "tone_pos": 0.5268784137479277,
                "tone_neg": 0.8169140577228022,
                "emotion": 0.621771483042441,
                "emo_pos": 0.5022402589500838,
                "emo_neg": 0.6306846178049199,
                "emo_anx": 0.3637064195843675,
                "emo_anger": 0.6200138066449424,
                "emo_sad": 0.3375167326721149,
                "i": 0.8704030316054131,
                "we": 0.24885547158849203,
                "you": 0.7560376547512222,
                "shehe": 0.9483885684873022,
                "they": 0.47109749057160266,
                "conflict": 0.42400381263887565,
                "want": 0.6436317126068177,
                "comment_count": 0.2922337870296237
            },
            "away_vals": {
                "tone_pos": 0.8640084318723259,
                "tone_neg": 0.7202837341401755,
                "emotion": 0.6723966637071549,
                "emo_pos": 0.5493006940109568,
                "emo_neg": 0.6487892217806277,
                "emo_anx": 0.0,
                "emo_anger": 0.3104266943754803,
                "emo_sad": 0.5542267781629833,
                "i": 0.7982572736671102,
                "we": 0.457810633876492,
                "you": 0.6116549687572953,
                "shehe": 0.7529946684515428,
                "they": 0.7063941856944609,
                "conflict": 0.24365170242395084,
                "want": 0.5969618283556036,
                "comment_count": 0.16293034427542033
            },
            "neut_vals": {
                "tone_pos": 0.4968368768827139,
                "tone_neg": 0.6254939736012012,
                "emotion": 0.5932815051229069,
                "emo_pos": 0.39627841866130126,
                "emo_neg": 0.6453737675164067,
                "emo_anx": 0.11054323986874635,
                "emo_anger": 0.4858186292251249,
                "emo_sad": 0.10058390238771053,
                "i": 0.8899034979888952,
                "we": 0.13622334820329313,
                "you": 0.5707209384052402,
                "shehe": 0.6939318399457607,
                "they": 0.7370785840534224,
                "conflict": 0.28502025679682225,
                "want": 0.4808784207996249,
                "comment_count": 0.3166533226581265
            },
            "wp_delta": 0.0006922035999999965
        },
        {
            "start_utc": 1701569974,
            "end_utc": 1701570790,
            "home_vals": {
                "tone_pos": 0.9147027935307713,
                "tone_neg": 0.5588073496072651,
                "emotion": 0.7019213054349256,
                "emo_pos": 0.47899895921765206,
                "emo_neg": 0.794643082063067,
                "emo_anx": 0.6304994077966123,
                "emo_anger": 0.41776190955306725,
                "emo_sad": 0.8366693604454242,
                "i": 0.7203761100382459,
                "we": 0.5153532507393522,
                "you": 0.5685294516612185,