{
    "starting_win_prob": 0.447694242,
    "game_datapoints": [
        {
            "start_utc": 1695484841,
            "end_utc": 1695485781,
            "home_vals": {
                "tone_pos": 0.8552397746404475,
                "tone_neg": 0.8035535553107208,
                "emotion": 0.9007729591357823,
                "emo_pos": 0.6641366163092416,
                "emo_neg": 0.9620268123076272,
                "emo_anx": 1.0,
                "emo_anger": 0.4370020153730783,
                "emo_sad": 0.0,
                "i": 0.8110822715762899,
                "we": 0.5398733576678686,
                "you": 0.9234931123697638,
                "shehe": 0.3211156364152002,
                "they": 0.65546317040905,
                "conflict": 0.28192085239752535,
                "want": 1.0,
                "comment_count": 0.36882546652030734
            },
            "away_vals": {
                "tone_pos": 0.7885129683336353,
                "tone_neg": 0.6017426429190613,
                "emotion": 1.0,
                "emo_pos": 1.0,
                "emo_neg": 0.684997277884973,
                "emo_anx": 0.07571594358602726,
                "emo_anger": 0.4435451382530672,
                "emo_sad": 1.0,
                "i": 1.0,
                "we": 1.0,
                "you": 0.7284749968696285,
                "shehe": 0.1268357247849059,
                "they": 0.418045864499733,
                "conflict": 0.20644081237058898,
                "want": 0.6870974535022788,
                "comment_count": 0.23600439077936333
            },
            "neut_vals": {
                "tone_pos": 1.0,
                "tone_neg": 0.3015992612776248,
                "emotion": 0.6485988310666307,
                "emo_pos": 0.7531305327917893,
                "emo_neg": 0.3093844504142559,
                "emo_anx": 0.08285434282740743,
                "emo_anger": 0.19967406738092167,
                "emo_sad": 0.5881118870057034,
                "i": 0.5094744066368577,
                "we": 0.21645283562323936,
                "you": 0.49551179691282243,
                "shehe": 0.11139973263165757,
                "they": 0.678428776470311,
                "conflict": 0.10518337270580994,
                "want": 0.4630683064777393,
                "comment_count": 0.40175631174533477
            },
            "wp_delta": -0.1363943219
        },
        {
            "start_utc": 1695485781,
            "end_utc": 1695487333,
            "home_vals": {
                "tone_pos": 0.8499638591884634,
                "tone_neg": 0.4525806018837198,
                "emotion": 0.5666614039099329,
                "emo_pos": 0.7646765829724751,
                "emo_neg": 0.31075348387584345,
                "emo_anx": 0.23299572702208496,
                "emo_anger": 0.0,
                "emo_sad": 0.0,
                "i": 0.667740842716595,
                "we": 0.45341129428680393,
                "you": 0.6213054929775865,
                "shehe": 0.35153139902688124,
                "they": 0.614353360801918,
                "conflict": 0.1821288540086725,
                "want": 0.6442280312090665,
                "comment_count": 0.5301866081229418
            },
            "away_vals": {
                "tone_pos": 0.8219098989001944,
                "tone_neg": 0.538271469947777,
                "emotion": 0.5167019311150597,
                "emo_pos": 0.5672769981469985,
                "emo_neg": 0.266131636599158,
                "emo_anx": 0.0,
                "emo_anger": 0.16498443209304717,
                "emo_sad": 0.19067910852284173,
                "i": 0.5966892510924842,
                "we": 0.5138520761996941,
                "you": 0.2481148765592058,
                "shehe": 0.42843242792790176,
                "they": 0.8043668275102677,
                "conflict": 0.05900363581707408,
                "want": 0.29278544380905164,
                "comment_count": 0.3358946212952799
            },
            "neut_vals": {
                "tone_pos": 0.7388512243587417,
                "tone_neg": 0.4776795741397753,
                "emotion": 0.46814753627602124,
                "emo_pos": 0.3167786986737857,
                "emo_neg": 0.4114171707350202,
                "emo_anx": 0.01886206683184965,
                "emo_anger": 0.0,
                "emo_sad": 0.31956349653073735,
                "i": 0.5492844727795875,
                "we": 0.24477013975786507,
                "you": 0.359441151054791,
                "shehe": 0.2437351750106017,
                "they": 1.0,
                "conflict": 0.03976745590032519,
                "want": 0.3096641376270057,
                "comment_count": 0.4445664105378705
            },
            "wp_delta": 0.18040323260000002
        },
        {
            "start_utc": 1695487333,
            "end_utc": 1695488302,
            "home_vals": {
                "tone_pos": 0.6745844981027496,
                "tone_neg": 0.9617565668213266,
                "emotion": 0.802283310124202,
                "emo_pos": 0.6507383044327469,
                "emo_neg": 1.0,
                "emo_anx": 0.1165964465564586,
                "emo_anger": 0.08870293946375676,
                "emo_sad": 0.12507568533331098,
                "i": 0.8206860695518968,
                "we": 0.40233102599557574,
                "you": 0.4923895097840164,
                "shehe": 0.48067186025194547,
                "they": 0.390691134621119,
                "conflict": 0.25455949516310833,
                "want": 0.4120590040120135,
                "comment_count": 0.6827661909989023
            },
            "away_vals": {
                "tone_pos": 0.5472298232904119,
                "tone_neg": 1.0,
                "emotion": 0.6377072108434865,
                "emo_pos": 0.7906017421686172,
                "emo_neg": 0.4599544747777177,
                "emo_anx": 0.10509796767125971,
                "emo_anger": 0.4928698956235122,
                "emo_sad": 0.2794060886766054,
                "i": 0.5103366244153039,
                "we": 0.5405561610357014,
                "you": 0.49927337438862884,
                "shehe": 0.7027717169194995,
                "they": 0.510595304701932,
                "conflict": 1.0,
                "want": 0.6973327134961598,
                "comment_count": 0.283205268935236
            },
            "neut_vals": {
                "tone_pos": 0.8647276154375767,
                "tone_neg": 0.7950054562171566,
                "emotion": 0.8126622495429384,
                "emo_pos": 0.7078537924932192,
                "emo_neg": 0.42205730231169863,
                "emo_anx": 0.1435208475427217,
                "emo_anger": 0.10761459341944207,
                "emo_sad": 0.169890042209311,
                "i": 0.9023270122298501,
                "we": 0.26630935036820624,
                "you": 0.828485701274114,
                "shehe": 0.32663285629222,
                "they": 0.37772507833975777,
                "conflict": 0.05019825172955992,
                "want": 0.6512724947604555,
                "comment_count": 0.47310647639956094
            },
            "wp_delta": -0.015239566600000032
        },
        {
            "start_utc": 1695488302,
            "end_utc": 1695490984,
            "home_vals": {
                "tone_pos": 0.5654644453926924,
                "tone_neg": 0.7823495252682446,
                "emotion": 0.6748900599896095,
                "emo_pos": 0.4892020801116278,
                "emo_neg": 0.9237489737020885,
                "emo_anx": 0.17459399762568775,
                "emo_anger": 0.29187122397296383,
                "emo_sad": 0.430232349379951,
                "i": 0.7509629851743788,
                "we": 0.19929571438844745,
                "you": 0.5260478203799432,
                "shehe": 0.7251005744540079,
                "they": 0.4903055655618586,