{
    "starting_win_prob": 0.7202721834,
    "game_datapoints": [
        {
            "start_utc": 1693526900,
            "end_utc": 1693527418,
            "home_vals": {
                "tone_pos": 0.599246975887207,
                "tone_neg": 1.0,
                "emotion": 1.0,
                "emo_pos": 0.5398211243611585,
                "emo_neg": 1.0,
                "emo_anx": 0.0,
                "emo_anger": 0.34443695885420567,
                "emo_sad": 1.0,
                "i": 0.8488599977917631,
                "we": 0.14824529912214154,
                "you": 0.939497564574045,
                "shehe": 0.16288406494592061,
                "they": 0.16233590691840227,
                "conflict": 0.0,
                "want": 0.7128697322133677,
                "comment_count": 0.030094043887147336
            },
            "away_vals": {
                "tone_pos": 0.7710454217736125,
                "tone_neg": 0.3030881989623652,
                "emotion": 0.43510658016682124,
                "emo_pos": 1.0,
                "emo_neg": 0.11586922506794038,
                "emo_anx": 0.0,
                "emo_anger": 0.099857773785463,
                "emo_sad": 0.0,
                "i": 1.0,
                "we": 0.4253874498753658,
                "you": 0.38986152243954847,
                "shehe": 0.0,
                "they": 0.31616541231428025,
                "conflict": 0.0,
                "want": 0.0,
                "comment_count": 0.025078369905956112
            },
            "neut_vals": {
                "tone_pos": 0.9807782220183089,
                "tone_neg": 0.34902263181930476,
                "emotion": 0.25707304743449316,
                "emo_pos": 0.34565200557534465,
                "emo_neg": 0.1822374282227696,
                "emo_anx": 0.0,
                "emo_anger": 0.25602533305205666,
                "emo_sad": 0.0,
                "i": 0.672106958956909,
                "we": 0.19424373380494006,
                "you": 0.3454893090767079,
                "shehe": 0.16923611862693402,
                "they": 0.5873313112307794,
                "conflict": 0.0,
                "want": 0.4131622873142365,
                "comment_count": 0.05517241379310345
            },
            "wp_delta": -0.05362933869999997
        },
        {
            "start_utc": 1693527418,
            "end_utc": 1693528711,
            "home_vals": {
                "tone_pos": 0.9388915810748522,
                "tone_neg": 0.3039408793840613,
                "emotion": 0.2794005783537682,
                "emo_pos": 0.3523519609759731,
                "emo_neg": 0.2088662023455462,
                "emo_anx": 0.11566995084819348,
                "emo_anger": 0.4729147756688594,
                "emo_sad": 0.0,
                "i": 0.4811422013948092,
                "we": 0.4847621408067674,
                "you": 0.28014759273496326,
                "shehe": 0.1207863570547363,
                "they": 0.5572858622289963,
                "conflict": 0.2810968780052193,
                "want": 0.5099515222986835,
                "comment_count": 0.11473354231974922
            },
            "away_vals": {
                "tone_pos": 0.5027037149071635,
                "tone_neg": 0.5544901178932131,
                "emotion": 0.39382650719354007,
                "emo_pos": 0.3933275651739314,
                "emo_neg": 0.19987057491288748,
                "emo_anx": 0.1804254192936998,
                "emo_anger": 0.4947737435090448,
                "emo_sad": 0.0,
                "i": 0.6647959348939367,
                "we": 0.3889566486231089,
                "you": 0.297874771609839,
                "shehe": 0.13664350403756564,
                "they": 0.3912530923033755,
                "conflict": 0.6198024033991633,
                "want": 0.394461048856832,
                "comment_count": 0.1987460815047022
            },
            "neut_vals": {
                "tone_pos": 0.6953070933751456,
                "tone_neg": 0.6709520607581657,
                "emotion": 0.39322997741526233,
                "emo_pos": 0.521501463753494,
                "emo_neg": 0.2581240220703286,
                "emo_anx": 0.13695232339687585,
                "emo_anger": 0.22231456872704508,
                "emo_sad": 0.0,
                "i": 0.4422862325015999,
                "we": 0.2197680193522387,
                "you": 0.381622942537176,
                "shehe": 0.3423417193410187,
                "they": 0.8252690989008776,
                "conflict": 0.33736240683232827,
                "want": 0.14203446466023598,
                "comment_count": 0.322884012539185
            },
            "wp_delta": -0.04057571289999995
        },
        {
            "start_utc": 1693529024,
            "end_utc": 1693530179,
            "home_vals": {
                "tone_pos": 0.893340929678349,
                "tone_neg": 0.2719480963736914,
                "emotion": 0.15033863263705713,
                "emo_pos": 0.30098521580634013,
                "emo_neg": 0.04342655614993589,
                "emo_anx": 0.0,
                "emo_anger": 0.1839479980059365,
                "emo_sad": 0.0,
                "i": 0.49074972725188026,
                "we": 0.3723872854142714,
                "you": 0.7251172233891017,
                "shehe": 0.34996954209700226,
                "they": 0.5135172878765952,
                "conflict": 0.3596175116685722,
                "want": 1.0,
                "comment_count": 0.0896551724137931
            },
            "away_vals": {
                "tone_pos": 0.45173851252518266,
                "tone_neg": 0.7590106783057455,
                "emotion": 0.46646757972059205,
                "emo_pos": 0.5520327255137025,
                "emo_neg": 0.3608602426028105,
                "emo_anx": 0.49965991508616675,
                "emo_anger": 0.2555672922217324,
                "emo_sad": 0.037629629629629624,
                "i": 0.6075309050908038,
                "we": 0.962834013703744,
                "you": 0.4390699738477483,
                "shehe": 0.5713754992105508,
                "they": 0.7258699766831431,
                "conflict": 0.1084476094559644,
                "want": 0.6241085744370258,
                "comment_count": 0.2031347962382445
            },
            "neut_vals": {
                "tone_pos": 0.7565550518568268,
                "tone_neg": 0.4453955658539393,
                "emotion": 0.37823284708909405,
                "emo_pos": 0.5366366401406425,
                "emo_neg": 0.19061435699467197,
                "emo_anx": 1.0,
                "emo_anger": 0.23499056553577288,
                "emo_sad": 0.0,
                "i": 0.4806015478831928,
                "we": 0.3159888366136111,
                "you": 0.34421537852940604,
                "shehe": 0.42580917824527487,
                "they": 0.8922693053690374,
                "conflict": 0.12022663168162274,
                "want": 0.4926442024474414,
                "comment_count": 0.2746081504702194
            },
            "wp_delta": 0.12139257780000001
        },
        {
            "start_utc": 1693530179,
            "end_utc": 1693531587,
            "home_vals": {
                "tone_pos": 1.0,
                "tone_neg": 0.4745326525570289,
                "emotion": 0.31394810009267854,
                "emo_pos": 0.2995752886617453,
                "emo_neg": 0.2361442806555217,
                "emo_anx": 0.0,
                "emo_anger": 0.7716867252760657,
                "emo_sad": 0.027783333333333333,
                "i": 0.7739007121563432,
                "we": 0.45090956266632953,
                "you": 0.6381844550395421,
                "shehe": 0.6503774158413335,
                "they": 0.8615166580159609,
                "conflict": 0.27930139101271345,
                "want": 0.26735288486849973,