{
    "starting_win_prob": 0.9155678749,
    "game_datapoints": [
        {
            "start_utc": 1693075401,
            "end_utc": 1693076245,
            "home_vals": {
                "tone_pos": 0.9106406536669184,
                "tone_neg": 0.1435487927565392,
                "emotion": 0.20133077931243065,
                "emo_pos": 0.1976805482340538,
                "emo_neg": 0.15092247202338946,
                "emo_anx": 0.0,
                "emo_anger": 0.0,
                "emo_sad": 1.0,
                "i": 0.2197157985735898,
                "we": 1.0,
                "you": 0.7772675931837156,
                "shehe": 0.0,
                "they": 0.12943356193006428,
                "conflict": 0.0,
                "want": 0.3001200480192077,
                "comment_count": 0.007880664227413453
            },
            "away_vals": {
                "tone_pos": 0.577680568967685,
                "tone_neg": 0.11500246017590253,
                "emotion": 0.3075443846246298,
                "emo_pos": 0.8224028746837688,
                "emo_neg": 0.09783261888546128,
                "emo_anx": 0.07757513485743643,
                "emo_anger": 0.03790597400351388,
                "emo_sad": 0.16813908465082317,
                "i": 0.49168257701378737,
                "we": 0.3529053070537787,
                "you": 0.3574721426201774,
                "shehe": 1.0,
                "they": 0.4136874382394715,
                "conflict": 0.15928636860875675,
                "want": 0.32006164911379403,
                "comment_count": 0.0644525752884886
            },
            "neut_vals": {
                "tone_pos": 0.7986499310769516,
                "tone_neg": 0.19976747276109494,
                "emotion": 0.32861918788870487,
                "emo_pos": 0.7828641493962111,
                "emo_neg": 0.10547672344452687,
                "emo_anx": 0.03763993368136912,
                "emo_anger": 0.07211790361426082,
                "emo_sad": 0.07752431427629138,
                "i": 0.32048433699020307,
                "we": 0.3193228605964455,
                "you": 0.44442810920301107,
                "shehe": 0.3154295448231322,
                "they": 0.7113907939251317,
                "conflict": 0.16230656356698706,
                "want": 0.20163369330960895,
                "comment_count": 0.4027582324795947
            },
            "wp_delta": 0.004802040800000018
        },
        {
            "start_utc": 1693076287,
            "end_utc": 1693077957,
            "home_vals": {
                "tone_pos": 0.8913883086256154,
                "tone_neg": 0.3859609268514311,
                "emotion": 0.31227566948194346,
                "emo_pos": 0.8354957743125819,
                "emo_neg": 0.023341756398873887,
                "emo_anx": 0.0,
                "emo_anger": 0.02977071900738461,
                "emo_sad": 0.0,
                "i": 0.4660094675711289,
                "we": 0.6742831541218637,
                "you": 0.5206016182629364,
                "shehe": 0.9126185373824899,
                "they": 0.1949095868854371,
                "conflict": 0.3649563103606859,
                "want": 0.0,
                "comment_count": 0.026175063326766113
            },
            "away_vals": {
                "tone_pos": 0.7663434816803834,
                "tone_neg": 0.27023030072325827,
                "emotion": 0.3993616764258963,
                "emo_pos": 0.7955121172833348,
                "emo_neg": 0.16237324127232386,
                "emo_anx": 0.13130777836660187,
                "emo_anger": 0.06222135727086224,
                "emo_sad": 0.011571968007611573,
                "i": 0.2938442981559472,
                "we": 0.40581933284635974,
                "you": 0.4527186519623783,
                "shehe": 0.500758204880108,
                "they": 0.6931442641997589,
                "conflict": 0.06922808755802647,
                "want": 0.08315542433189492,
                "comment_count": 0.1562060230790881
            },
            "neut_vals": {
                "tone_pos": 0.818657153626358,
                "tone_neg": 0.2864010972675348,
                "emotion": 0.32615494256645156,
                "emo_pos": 0.6342740348315395,
                "emo_neg": 0.1277062472279335,
                "emo_anx": 0.04491279577784769,
                "emo_anger": 0.04397039760266486,
                "emo_sad": 0.11898589239728928,
                "i": 0.31554293680352874,
                "we": 0.27963489805595065,
                "you": 0.4566631677828175,
                "shehe": 0.2639028833640166,
                "they": 0.5659582076415682,
                "conflict": 0.12402100746163856,
                "want": 0.21204473908899332,
                "comment_count": 1.0
            },
            "wp_delta": 0.05764606029999997
        },
        {
            "start_utc": 1693078013,
            "end_utc": 1693078919,
            "home_vals": {
                "tone_pos": 0.525878928941347,
                "tone_neg": 0.2324647887323943,
                "emotion": 0.5235474006116208,
                "emo_pos": 0.8346863468634685,
                "emo_neg": 0.31060926840743347,
                "emo_anx": 0.0,
                "emo_anger": 0.12001200120012001,
                "emo_sad": 0.8552988632196554,
                "i": 0.20574886535552198,
                "we": 0.46719219219219216,
                "you": 0.0,
                "shehe": 0.0,
                "they": 0.14025126125234932,
                "conflict": 0.0,
                "want": 0.0,
                "comment_count": 0.008443568815085843
            },
            "away_vals": {
                "tone_pos": 0.9686638087774095,
                "tone_neg": 0.21516529733959303,
                "emotion": 0.4389816775137875,
                "emo_pos": 1.0,
                "emo_neg": 0.1810096970647429,
                "emo_anx": 0.1377995642701525,
                "emo_anger": 0.026886021935526888,
                "emo_sad": 0.713034266389602,
                "i": 0.46596066565809424,
                "we": 0.6866501918585253,
                "you": 0.5683558687597877,
                "shehe": 0.6967728173878145,
                "they": 0.5176757863101712,
                "conflict": 0.11187485856528624,
                "want": 0.28544195455960164,
                "comment_count": 0.12158739093723614
            },
            "neut_vals": {
                "tone_pos": 0.8142940738593512,
                "tone_neg": 0.2319234254284171,
                "emotion": 0.36622374870764773,
                "emo_pos": 0.7891639525876077,
                "emo_neg": 0.14120379589346388,
                "emo_anx": 0.017247229967984185,
                "emo_anger": 0.04443153118923631,
                "emo_sad": 0.18624390655769865,
                "i": 0.3054857371176448,
                "we": 0.30851343725215064,
                "you": 0.5720027438780714,
                "shehe": 0.3298754120308738,
                "they": 0.7241295770969058,
                "conflict": 0.16948412278806324,
                "want": 0.2408141586205588,
                "comment_count": 0.4987334646777371
            },
            "wp_delta": 0.01491341089999998
        },
        {
            "start_utc": 1693078983,
            "end_utc": 1693080076,
            "home_vals": {
                "tone_pos": 0.4304221458193032,
                "tone_neg": 0.4617750621375308,
                "emotion": 0.34758603511976427,
                "emo_pos": 0.9560994139353158,
                "emo_neg": 0.10378180912449665,
                "emo_anx": 0.0,
                "emo_anger": 0.0,
                "emo_sad": 0.0,
                "i": 0.3608169440242057,
                "we": 0.4281100953895071,
                "you": 0.6667846237841991,
                "shehe": 0.29302231745581375,
                "they": 0.652033174532054,