{
    "starting_win_prob": 0.5078064799,
    "game_datapoints": [
        {
            "start_utc": 1700876496,
            "end_utc": 1700877655,
            "home_vals": {
                "tone_pos": 0.8063609104542008,
                "tone_neg": 0.5011838943802185,
                "emotion": 0.4252857600952892,
                "emo_pos": 0.30533102534133216,
                "emo_neg": 0.5142172465723297,
                "emo_anx": 0.39209514718402516,
                "emo_anger": 0.1263357215700287,
                "emo_sad": 0.05272202601746096,
                "i": 0.3175134854308015,
                "we": 0.4471777301927195,
                "you": 0.38795616828001406,
                "shehe": 0.34227301921932834,
                "they": 0.42429978586723766,
                "conflict": 0.4196057721403833,
                "want": 0.20169451516633224,
                "comment_count": 0.4814432989690722
            },
            "away_vals": {
                "tone_pos": 0.9508427440902808,
                "tone_neg": 0.3240587865309882,
                "emotion": 0.7791410842918618,
                "emo_pos": 0.7148781763314014,
                "emo_neg": 0.7930267049861172,
                "emo_anx": 1.0,
                "emo_anger": 0.00850196545233086,
                "emo_sad": 0.2527698133200361,
                "i": 0.32138167582956984,
                "we": 0.6035636363636363,
                "you": 0.47739189649302016,
                "shehe": 0.383420755944961,
                "they": 0.4371136363636364,
                "conflict": 0.10295802307503478,
                "want": 0.3896474588403722,
                "comment_count": 0.18144329896907216
            },
            "neut_vals": {
                "tone_pos": 0.5794372907555938,
                "tone_neg": 0.39914439075799163,
                "emotion": 0.5042517681390283,
                "emo_pos": 0.3558943431212592,
                "emo_neg": 0.5383027951713152,
                "emo_anx": 0.20247599693092505,
                "emo_anger": 0.3983387875497116,
                "emo_sad": 0.016457622448263102,
                "i": 0.42331962840563125,
                "we": 0.4230774526678139,
                "you": 0.26224706208461457,
                "shehe": 0.3519372056043932,
                "they": 0.38247160068846797,
                "conflict": 0.1885851235725982,
                "want": 0.16741295892230335,
                "comment_count": 0.5989690721649484
            },
            "wp_delta": 0.08054518699999991
        },
        {
            "start_utc": 1700877655,
            "end_utc": 1700879021,
            "home_vals": {
                "tone_pos": 0.93674072153066,
                "tone_neg": 0.8462441314553991,
                "emotion": 0.27354425824523176,
                "emo_pos": 0.0,
                "emo_neg": 0.0,
                "emo_anx": 0.0,
                "emo_anger": 0.0,
                "emo_sad": 0.0,
                "i": 0.806807955363571,
                "we": 1.0,
                "you": 1.0,
                "shehe": 0.0,
                "they": 1.0,
                "conflict": 0.0,
                "want": 0.0,
                "comment_count": 0.016494845360824743
            },
            "away_vals": {
                "tone_pos": 0.7206464466837915,
                "tone_neg": 1.0,
                "emotion": 0.397029951967365,
                "emo_pos": 0.6501589696610444,
                "emo_neg": 0.0,
                "emo_anx": 0.0,
                "emo_anger": 0.0,
                "emo_sad": 0.0,
                "i": 1.0,
                "we": 0.0,
                "you": 0.6794364187622616,
                "shehe": 0.6266303444757271,
                "they": 0.0,
                "conflict": 1.0,
                "want": 1.0,
                "comment_count": 0.01443298969072165
            },
            "neut_vals": {
                "tone_pos": 0.81837070199704,
                "tone_neg": 0.41730716710233706,
                "emotion": 0.946635898323183,
                "emo_pos": 1.0,
                "emo_neg": 0.8278185214485785,
                "emo_anx": 0.0,
                "emo_anger": 0.0,
                "emo_sad": 1.0,
                "i": 0.908188397559774,
                "we": 0.3509894736842106,
                "you": 0.28164794007490634,
                "shehe": 0.5566914041382022,
                "they": 0.0,
                "conflict": 0.0,
                "want": 0.0,
                "comment_count": 0.03917525773195876
            },
            "wp_delta": 0.28613512220000004
        },
        {
            "start_utc": 1700879021,
            "end_utc": 1700879834,
            "home_vals": {
                "tone_pos": 0.7140180441883874,
                "tone_neg": 0.4371095765110825,
                "emotion": 0.7201439947944597,
                "emo_pos": 0.6203678755545978,
                "emo_neg": 0.43455168186004045,
                "emo_anx": 0.1207838874294169,
                "emo_anger": 0.04363374941617136,
                "emo_sad": 0.02948234487487144,
                "i": 0.30244527806196553,
                "we": 0.5000501253132833,
                "you": 0.17787289697402062,
                "shehe": 0.43122086601145965,
                "they": 0.6127017543859652,
                "conflict": 0.07140714071407141,
                "want": 0.14174609752728276,
                "comment_count": 0.411340206185567
            },
            "away_vals": {
                "tone_pos": 0.5976379509849125,
                "tone_neg": 0.5323220137243597,
                "emotion": 0.5683141206335184,
                "emo_pos": 0.48736325914749157,
                "emo_neg": 0.4367191990114853,
                "emo_anx": 0.0,
                "emo_anger": 0.0,
                "emo_sad": 0.02435127862137884,
                "i": 0.40747446086665995,
                "we": 0.5847843137254901,
                "you": 0.19886253294493,
                "shehe": 0.605695111386079,
                "they": 0.4375947712418299,
                "conflict": 0.06333574533923982,
                "want": 0.05929699963975092,
                "comment_count": 0.1577319587628866
            },
            "neut_vals": {
                "tone_pos": 0.8961967836069219,
                "tone_neg": 0.28363004081882837,
                "emotion": 0.6564256408597708,
                "emo_pos": 0.6953899216033733,
                "emo_neg": 0.28292483709249505,
                "emo_anx": 0.066685346035304,
                "emo_anger": 0.23866597739568876,
                "emo_sad": 0.014529236525792398,
                "i": 0.36426469603361966,
                "we": 0.2314728682170542,
                "you": 0.19687793359076347,
                "shehe": 0.579324495202043,
                "they": 0.5972558139534885,
                "conflict": 0.09951576553004139,
                "want": 0.4545641823841787,
                "comment_count": 0.5319587628865979
            },
            "wp_delta": -0.025717206299999962
        },
        {
            "start_utc": 1700879834,
            "end_utc": 1700880955,
            "home_vals": {
                "tone_pos": 0.6911889923096954,
                "tone_neg": 0.6990245566969064,
                "emotion": 0.4078972884854066,
                "emo_pos": 0.35570423944757096,
                "emo_neg": 0.42117440838284564,
                "emo_anx": 0.5558560773707072,
                "emo_anger": 0.10268090183698327,
                "emo_sad": 0.1625726739101537,
                "i": 0.3082510542013782,
                "we": 0.46497414965986406,
                "you": 0.24448690837133855,
                "shehe": 0.51487307460459,
                "they": 0.3290748299319728,
                "conflict": 0.12189790407612187,
                "want": 0.11169853768278964,
                "comment_count": 0.6072164948453608
            },