{
    "starting_win_prob": 0.447694242,
    "game_datapoints": [
        {
            "start_utc": 1699758890,
            "end_utc": 1699761607,
            "home_vals": {
                "tone_pos": 0.1593198793563567,
                "tone_neg": 0.22662481808300933,
                "emotion": 0.44164193477094044,
                "emo_pos": 0.3022763868278975,
                "emo_neg": 0.15796379507200475,
                "emo_anx": 0.3355263157894737,
                "emo_anger": 0.2464744180665965,
                "emo_sad": 0.014750837906522783,
                "i": 0.1835172439196371,
                "we": 0.7299035087719297,
                "you": 0.8171778486687932,
                "shehe": 0.03832270894627873,
                "they": 0.5455447053896686,
                "conflict": 0.5671597483183817,
                "want": 0.09601939457344541,
                "comment_count": 0.47648902821316613
            },
            "away_vals": {
                "tone_pos": 0.12817872696360547,
                "tone_neg": 0.4669949406561236,
                "emotion": 0.5681272836341822,
                "emo_pos": 0.21076239297595029,
                "emo_neg": 0.3674056873846937,
                "emo_anx": 0.05303030303030303,
                "emo_anger": 0.5774622382905918,
                "emo_sad": 0.03786818499904575,
                "i": 0.2056770464089001,
                "we": 0.779060606060606,
                "you": 1.0,
                "shehe": 0.07030514775079992,
                "they": 0.8942117222092755,
                "conflict": 1.0,
                "want": 0.3401534255864714,
                "comment_count": 0.27586206896551724
            },
            "neut_vals": {
                "tone_pos": 0.11742755157868728,
                "tone_neg": 0.2682420885750171,
                "emotion": 0.49211885564063657,
                "emo_pos": 0.18605102508909976,
                "emo_neg": 0.2104425657596838,
                "emo_anx": 0.030199579831932773,
                "emo_anger": 0.5779323886983188,
                "emo_sad": 0.05701102169349197,
                "i": 0.1469011344789865,
                "we": 0.2964044117647059,
                "you": 0.7906123213108159,
                "shehe": 0.05321177383997077,
                "they": 0.7585512641027048,
                "conflict": 0.423605884780656,
                "want": 0.5502481884487036,
                "comment_count": 0.5684430512016719
            },
            "wp_delta": 0.09331637619999994
        },
        {
            "start_utc": 1699761607,
            "end_utc": 1699763301,
            "home_vals": {
                "tone_pos": 0.161564979103876,
                "tone_neg": 0.2786298655592121,
                "emotion": 0.5291789365831695,
                "emo_pos": 0.2961749879223527,
                "emo_neg": 0.20562622422064583,
                "emo_anx": 0.06810196606114972,
                "emo_anger": 0.4008072819706271,
                "emo_sad": 0.04302225815771752,
                "i": 0.17003914758649524,
                "we": 0.7168163265306123,
                "you": 0.7264624846123717,
                "shehe": 0.12884054720789412,
                "they": 0.760405494657061,
                "conflict": 0.18455785120486498,
                "want": 0.765997503675473,
                "comment_count": 0.6656217345872518
            },
            "away_vals": {
                "tone_pos": 0.11673870875459638,
                "tone_neg": 0.25493382227250905,
                "emotion": 0.39867782257501977,
                "emo_pos": 0.18612672814274353,
                "emo_neg": 0.19388660146142211,
                "emo_anx": 0.15379291251384275,
                "emo_anger": 0.23346862885101036,
                "emo_sad": 0.04068140023109347,
                "i": 0.13468701608515504,
                "we": 0.9433023255813954,
                "you": 0.9978591218201662,
                "shehe": 0.08846192041022678,
                "they": 0.8134667824411909,
                "conflict": 0.27524018850358484,
                "want": 0.2569212030592466,
                "comment_count": 0.3594566353187043
            },
            "neut_vals": {
                "tone_pos": 0.1378548513158528,
                "tone_neg": 0.2809466492133385,
                "emotion": 0.4710543784660001,
                "emo_pos": 0.27957041820476025,
                "emo_neg": 0.17009505298880556,
                "emo_anx": 0.15071901278797833,
                "emo_anger": 0.3733075297766883,
                "emo_sad": 0.027938953737076378,
                "i": 0.1463105498022653,
                "we": 0.28437199582027173,
                "you": 0.7090226499898441,
                "shehe": 0.1034855948649052,
                "they": 1.0,
                "conflict": 0.17998017087205467,
                "want": 1.0,
                "comment_count": 1.0
            },
            "wp_delta": 0.09266579149999998
        },
        {
            "start_utc": 1699763302,
            "end_utc": 1699764372,
            "home_vals": {
                "tone_pos": 0.1389095159515951,
                "tone_neg": 0.298722436121806,
                "emotion": 0.5962619976004797,
                "emo_pos": 0.2336570185962807,
                "emo_neg": 0.31262246326102167,
                "emo_anx": 0.1984126984126984,
                "emo_anger": 1.0,
                "emo_sad": 0.02859517144856543,
                "i": 0.16744901019796027,
                "we": 0.5515083333333335,
                "you": 0.9002596744569,
                "shehe": 0.07685688405797099,
                "they": 0.6568283492026503,
                "conflict": 0.12821227128903562,
                "want": 0.6323181779652035,
                "comment_count": 0.5015673981191222
            },
            "away_vals": {
                "tone_pos": 0.17625706232595095,
                "tone_neg": 0.21761721888911348,
                "emotion": 0.7024426100695355,
                "emo_pos": 0.3239690090150983,
                "emo_neg": 0.1458224504479642,
                "emo_anx": 0.0,
                "emo_anger": 0.724241043486,
                "emo_sad": 0.0,
                "i": 0.24854184092758907,
                "we": 0.6060845070422535,
                "you": 0.5105640493158455,
                "shehe": 0.08157641501181,
                "they": 0.1964743483037588,
                "conflict": 0.12182933894465985,
                "want": 0.8334856028454947,
                "comment_count": 0.2225705329153605
            },
            "neut_vals": {
                "tone_pos": 0.11767608296099329,
                "tone_neg": 0.27787758682539937,
                "emotion": 0.374949906284303,
                "emo_pos": 0.19211593365974103,
                "emo_neg": 0.14559408111176605,
                "emo_anx": 0.0,
                "emo_anger": 0.7102535141742611,
                "emo_sad": 0.023990313279460142,
                "i": 0.16912717041653907,
                "we": 0.2573720608575381,
                "you": 0.772265159656034,
                "shehe": 0.09213465288695308,
                "they": 0.7592146035104427,
                "conflict": 0.28644234111891054,
                "want": 0.49788750085842665,
                "comment_count": 0.7554858934169278
            },
            "wp_delta": 0.08250911540000005
        },
        {
            "start_utc": 1699764372,
            "end_utc": 1699764955,
            "home_vals": {
                "tone_pos": 0.0,
                "tone_neg": 0.0,
                "emotion": 0.0,
                "emo_pos": 0.0,
                "emo_neg": 0.0,
                "emo_anx": 0.0,
                "emo_anger": 0.0,
                "emo_sad": 0.0,
                "i": 0.0,
                "we": 0.0,
                "you": 0.0,
                "shehe": 0.0,
                "they": 0.0,
                "conflict": 0.0,
                "want": 0.0,