{
    "starting_win_prob": 0.447694242,
    "game_datapoints": [
        {
            "start_utc": 1699722377,
            "end_utc": 1699723554,
            "home_vals": {
                "tone_pos": 0.6933284105859268,
                "tone_neg": 0.5700420624130088,
                "emotion": 1.0,
                "emo_pos": 1.0,
                "emo_neg": 0.5554937239195428,
                "emo_anx": 0.20658592557914893,
                "emo_anger": 0.16908064084887314,
                "emo_sad": 0.01953058196558402,
                "i": 0.5123780675409464,
                "we": 1.0,
                "you": 0.9393369503887637,
                "shehe": 0.6485879968544008,
                "they": 0.7488780760545012,
                "conflict": 0.4509597382857199,
                "want": 0.21597112550828804,
                "comment_count": 0.07970280310705842
            },
            "away_vals": {
                "tone_pos": 0.6891830289178329,
                "tone_neg": 0.6418959989895127,
                "emotion": 0.6296071762898291,
                "emo_pos": 0.47778956519906596,
                "emo_neg": 0.5085600894870913,
                "emo_anx": 0.25112096953064744,
                "emo_anger": 0.16320366703248199,
                "emo_sad": 0.20320216764506369,
                "i": 0.6118649203352552,
                "we": 0.55090755422649,
                "you": 0.5979719908504564,
                "shehe": 0.5000899412160319,
                "they": 0.5883431391396003,
                "conflict": 0.4189946562625146,
                "want": 0.5827513100419579,
                "comment_count": 0.18980074299223235
            },
            "neut_vals": {
                "tone_pos": 0.7119749844786692,
                "tone_neg": 0.875470646806292,
                "emotion": 0.7922879335402191,
                "emo_pos": 0.6706110153483327,
                "emo_neg": 0.6010339800804453,
                "emo_anx": 0.1319104522196892,
                "emo_anger": 0.3066806667199561,
                "emo_sad": 0.1340225454478602,
                "i": 0.7350537060856228,
                "we": 0.2664012242994989,
                "you": 0.7883617126373794,
                "shehe": 0.4259802624528247,
                "they": 0.7542649987840168,
                "conflict": 0.783919122959737,
                "want": 0.6341024955573166,
                "comment_count": 0.42080378250591016
            },
            "wp_delta": 0.07088655230000002
        },
        {
            "start_utc": 1699723554,
            "end_utc": 1699724428,
            "home_vals": {
                "tone_pos": 0.9855524143244424,
                "tone_neg": 0.2661211025470232,
                "emotion": 0.6958771995012676,
                "emo_pos": 0.7160349549337566,
                "emo_neg": 0.0,
                "emo_anx": 0.0,
                "emo_anger": 0.0,
                "emo_sad": 0.0,
                "i": 0.1290470591609074,
                "we": 0.44216036464152125,
                "you": 0.7074066086143833,
                "shehe": 1.0,
                "they": 0.7553449015880788,
                "conflict": 0.7181211215974894,
                "want": 0.0,
                "comment_count": 0.005065856129685917
            },
            "away_vals": {
                "tone_pos": 0.4993254889712456,
                "tone_neg": 0.6438925365559679,
                "emotion": 0.9468468195709396,
                "emo_pos": 0.5790425810818365,
                "emo_neg": 0.921664295701056,
                "emo_anx": 0.5402696336390518,
                "emo_anger": 0.6601668556895901,
                "emo_sad": 1.0,
                "i": 1.0,
                "we": 0.337795774405741,
                "you": 0.9140788268925651,
                "shehe": 0.5672387778196907,
                "they": 0.6648119761186154,
                "conflict": 0.3469470398623734,
                "want": 1.0,
                "comment_count": 0.0182370820668693
            },
            "neut_vals": {
                "tone_pos": 0.5205591068268564,
                "tone_neg": 0.6492741228777406,
                "emotion": 0.6680419158368653,
                "emo_pos": 0.44236588115888054,
                "emo_neg": 0.391894806212958,
                "emo_anx": 0.0,
                "emo_anger": 0.12794443286867774,
                "emo_sad": 0.0,
                "i": 0.6273954847807864,
                "we": 0.4224593709173976,
                "you": 0.8185823309226238,
                "shehe": 0.42228479345443176,
                "they": 0.9199549187488164,
                "conflict": 0.8513786665389682,
                "want": 0.48221834066497427,
                "comment_count": 0.04035798716649781
            },
            "wp_delta": 0.05340114230000004
        },
        {
            "start_utc": 1699724540,
            "end_utc": 1699726236,
            "home_vals": {
                "tone_pos": 0.5806375725463221,
                "tone_neg": 0.7330115980702419,
                "emotion": 0.7482154166441193,
                "emo_pos": 0.39171246898975615,
                "emo_neg": 0.7772752758634488,
                "emo_anx": 0.12045863952973156,
                "emo_anger": 0.32311237785232494,
                "emo_sad": 0.3423305645643607,
                "i": 0.7684669295526142,
                "we": 0.6343083041750185,
                "you": 0.5433198513518953,
                "shehe": 0.49464693054527953,
                "they": 0.6514099879552526,
                "conflict": 0.46055509402584055,
                "want": 0.5404182896224247,
                "comment_count": 0.07868963188112124
            },
            "away_vals": {
                "tone_pos": 0.8551431385739453,
                "tone_neg": 0.8092501216706239,
                "emotion": 0.8097740312168656,
                "emo_pos": 0.6435285141742793,
                "emo_neg": 0.6448707121870113,
                "emo_anx": 0.13226766392869044,
                "emo_anger": 0.6407569305952038,
                "emo_sad": 0.32716502342573744,
                "i": 0.7407884621972795,
                "we": 0.5967338825844385,
                "you": 0.9025333906478465,
                "shehe": 0.7221098561244474,
                "they": 0.6079583855344085,
                "conflict": 0.52332404495266,
                "want": 0.5296287110027931,
                "comment_count": 0.3331644714623438
            },
            "neut_vals": {
                "tone_pos": 0.6679756643289795,
                "tone_neg": 0.7177119980658446,
                "emotion": 0.6336663365936323,
                "emo_pos": 0.40245629109712,
                "emo_neg": 0.56430449714534,
                "emo_anx": 0.14293707626089364,
                "emo_anger": 0.38720070544871826,
                "emo_sad": 0.2274410260552854,
                "i": 0.7000793210397226,
                "we": 0.24980767626307732,
                "you": 1.0,
                "shehe": 0.47887177125852953,
                "they": 0.7930433463965718,
                "conflict": 1.0,
                "want": 0.6613215789634896,
                "comment_count": 0.42468760553866935
            },
            "wp_delta": -0.26975241310000003
        },
        {
            "start_utc": 1699726270,
            "end_utc": 1699728435,
            "home_vals": {
                "tone_pos": 0.7237962053017357,
                "tone_neg": 0.8544061358485724,
                "emotion": 0.8666649646804154,
                "emo_pos": 0.4192175036645376,
                "emo_neg": 0.9527718166514603,
                "emo_anx": 1.0,
                "emo_anger": 0.5804869426892315,
                "emo_sad": 0.0,
                "i": 0.766349911247227,
                "we": 0.7192924596314897,
                "you": 0.9248632667616223,
                "shehe": 0.5610609011616715,
                "they": 0.40785781232598417,