{
    "starting_win_prob": 0.4479389787,
    "game_datapoints": [
        {
            "start_utc": 1699113568,
            "end_utc": 1699114902,
            "home_vals": {
                "tone_pos": 0.5440256342194075,
                "tone_neg": 1.0,
                "emotion": 1.0,
                "emo_pos": 0.5391545118491562,
                "emo_neg": 0.8707064326686696,
                "emo_anx": 0.0,
                "emo_anger": 0.0,
                "emo_sad": 0.0,
                "i": 0.2507091231018076,
                "we": 0.8463908450704228,
                "you": 0.19262569848901911,
                "shehe": 0.6413015899864681,
                "they": 0.3804199411354184,
                "conflict": 0.24782021157346737,
                "want": 0.0,
                "comment_count": 0.029934518241347054
            },
            "away_vals": {
                "tone_pos": 0.6184949153147282,
                "tone_neg": 0.3628519877989249,
                "emotion": 0.6864369737333549,
                "emo_pos": 0.7960927030639752,
                "emo_neg": 0.20599616519648012,
                "emo_anx": 1.0,
                "emo_anger": 0.15385987670671555,
                "emo_sad": 0.0,
                "i": 0.6181529417307211,
                "we": 0.6013957045440063,
                "you": 0.39936706001880473,
                "shehe": 0.4295112632333041,
                "they": 0.7591928877021565,
                "conflict": 0.23271245535989762,
                "want": 0.4826171820427975,
                "comment_count": 0.15902712815715622
            },
            "neut_vals": {
                "tone_pos": 0.3196642776787632,
                "tone_neg": 0.33228004218055096,
                "emotion": 0.47821965172565517,
                "emo_pos": 0.46503367051609024,
                "emo_neg": 0.2630595769219097,
                "emo_anx": 0.0,
                "emo_anger": 0.5272473027235757,
                "emo_sad": 0.0,
                "i": 0.4155278820333235,
                "we": 0.2661755146262189,
                "you": 0.7648179695283551,
                "shehe": 0.15338746053225075,
                "they": 0.8152957287779017,
                "conflict": 0.30024394893565104,
                "want": 0.28165298228947555,
                "comment_count": 0.07015902712815715
            },
            "wp_delta": -0.13048753149999998
        },
        {
            "start_utc": 1699115291,
            "end_utc": 1699116069,
            "home_vals": {
                "tone_pos": 0.5424477224560649,
                "tone_neg": 0.2986872067611144,
                "emotion": 0.6045137360910291,
                "emo_pos": 0.8988515408838074,
                "emo_neg": 0.13902799275648223,
                "emo_anx": 0.0,
                "emo_anger": 0.4406000504603438,
                "emo_sad": 0.06758024691358024,
                "i": 0.6454032464915174,
                "we": 1.0,
                "you": 0.03927388645394009,
                "shehe": 0.3161366711772665,
                "they": 0.42184344583683053,
                "conflict": 0.5424008428660496,
                "want": 0.13204858519373008,
                "comment_count": 0.03367633302151544
            },
            "away_vals": {
                "tone_pos": 0.44337744163702403,
                "tone_neg": 0.366051015419651,
                "emotion": 0.4666588145126114,
                "emo_pos": 0.46079535429771046,
                "emo_neg": 0.26469678147663245,
                "emo_anx": 0.5043943529269396,
                "emo_anger": 0.24012723910402364,
                "emo_sad": 0.06877479778629203,
                "i": 0.7656949526357025,
                "we": 0.30906215364690354,
                "you": 0.5038151454041703,
                "shehe": 0.6610621166638152,
                "they": 0.6457052769445188,
                "conflict": 0.092630033244068,
                "want": 0.23415611187417085,
                "comment_count": 0.2441534144059869
            },
            "neut_vals": {
                "tone_pos": 0.46174502165642917,
                "tone_neg": 0.2920125049636748,
                "emotion": 0.5618419776817155,
                "emo_pos": 0.5683029428492469,
                "emo_neg": 0.3348414421671705,
                "emo_anx": 0.8125651247048478,
                "emo_anger": 0.795476442550116,
                "emo_sad": 0.1990734463276836,
                "i": 0.9953746824978352,
                "we": 0.18890133499825554,
                "you": 0.6114485821776702,
                "shehe": 0.2646613609779592,
                "they": 0.5381072306338556,
                "conflict": 0.011119452328227072,
                "want": 0.7976050135540318,
                "comment_count": 0.05519176800748363
            },
            "wp_delta": 0.0018809436999999707
        },
        {
            "start_utc": 1699116282,
            "end_utc": 1699117469,
            "home_vals": {
                "tone_pos": 0.649223262927711,
                "tone_neg": 0.21395931716412206,
                "emotion": 0.13305912042317397,
                "emo_pos": 0.2482939589567667,
                "emo_neg": 0.0,
                "emo_anx": 0.0,
                "emo_anger": 0.0,
                "emo_sad": 0.0,
                "i": 0.9096675363560839,
                "we": 0.648815972759635,
                "you": 0.13457259757187695,
                "shehe": 1.0,
                "they": 0.0,
                "conflict": 0.0,
                "want": 0.0,
                "comment_count": 0.03928905519176801
            },
            "away_vals": {
                "tone_pos": 0.8883873998762806,
                "tone_neg": 0.5867142463656373,
                "emotion": 0.8426997188332754,
                "emo_pos": 1.0,
                "emo_neg": 0.2760155702115622,
                "emo_anx": 0.0,
                "emo_anger": 0.28035800272227324,
                "emo_sad": 0.1470127226463104,
                "i": 0.7381514799479114,
                "we": 0.3578275288844046,
                "you": 0.45239272535235475,
                "shehe": 0.8877170511006207,
                "they": 0.6496991800789685,
                "conflict": 0.31599914611627467,
                "want": 0.06474434447853382,
                "comment_count": 0.1225444340505145
            },
            "neut_vals": {
                "tone_pos": 0.9567314440969509,
                "tone_neg": 0.48576808579607733,
                "emotion": 0.607284225525781,
                "emo_pos": 0.5827442564056932,
                "emo_neg": 0.3734329849480297,
                "emo_anx": 0.8482253292565877,
                "emo_anger": 0.33883119259488836,
                "emo_sad": 0.2421052631578947,
                "i": 0.6374765097860624,
                "we": 0.19190853623766893,
                "you": 0.47268449633659204,
                "shehe": 0.4110046767799063,
                "they": 0.5588569156300945,
                "conflict": 0.14383848707466712,
                "want": 0.13449855894401133,
                "comment_count": 0.10664172123479888
            },
            "wp_delta": 0.029059022699999992
        },
        {
            "start_utc": 1699117604,
            "end_utc": 1699118943,
            "home_vals": {
                "tone_pos": 0.7969050881499367,
                "tone_neg": 0.5352614306852788,
                "emotion": 0.6718654167397752,
                "emo_pos": 0.6909611896958457,
                "emo_neg": 0.13196502690952047,
                "emo_anx": 0.47702828216503507,
                "emo_anger": 0.172114832832719,
                "emo_sad": 0.0,
                "i": 0.9550441232803305,
                "we": 0.7817305670994973,
                "you": 0.3853083278775473,
                "shehe": 0.23909209029278505,
                "they": 0.4027530521075474,
                "conflict": 0.03984850367191276,