{
    "starting_win_prob": 0.646110177,
    "game_datapoints": [
        {
            "start_utc": 1700340042,
            "end_utc": 1700341494,
            "home_vals": {
                "tone_pos": 0.5882320999989138,
                "tone_neg": 0.329691920034583,
                "emotion": 0.4561650632160638,
                "emo_pos": 0.28425962520786574,
                "emo_neg": 0.26590618917519315,
                "emo_anx": 0.4566834582942831,
                "emo_anger": 0.16400568181818184,
                "emo_sad": 0.3643664522912721,
                "i": 0.3376488722304774,
                "we": 0.7584223672543758,
                "you": 0.19262499999999994,
                "shehe": 0.2968861846814603,
                "they": 0.5520378107645196,
                "conflict": 0.25568207632894135,
                "want": 0.2700467375366568,
                "comment_count": 0.2069370958259847
            },
            "away_vals": {
                "tone_pos": 0.9572058656820132,
                "tone_neg": 0.30484107202756594,
                "emotion": 0.43281642821244404,
                "emo_pos": 0.41322789376591185,
                "emo_neg": 0.142054423870704,
                "emo_anx": 0.5114514315784437,
                "emo_anger": 0.07403712296983758,
                "emo_sad": 0.07836044137749511,
                "i": 0.5282755286926974,
                "we": 0.44649124632425935,
                "you": 0.23788584686774938,
                "shehe": 0.23440573408602342,
                "they": 0.3534358363969891,
                "conflict": 0.2461667392273708,
                "want": 0.472391662300726,
                "comment_count": 0.2533803644914756
            },
            "neut_vals": {
                "tone_pos": 0.5556371651747004,
                "tone_neg": 0.3858366725242668,
                "emotion": 0.40455631754999793,
                "emo_pos": 0.25358950680168607,
                "emo_neg": 0.31165725727247956,
                "emo_anx": 1.0,
                "emo_anger": 0.11070967741935483,
                "emo_sad": 0.05992645273732281,
                "i": 0.47317599099701724,
                "we": 0.37131602410055226,
                "you": 0.3584012903225806,
                "shehe": 0.12781305562611128,
                "they": 0.5909052583642096,
                "conflict": 0.1438554322815143,
                "want": 0.20630853277835584,
                "comment_count": 0.18224573780129336
            },
            "wp_delta": -0.05848383899999998
        },
        {
            "start_utc": 1700341494,
            "end_utc": 1700342672,
            "home_vals": {
                "tone_pos": 0.6517800302128052,
                "tone_neg": 0.6274492514570111,
                "emotion": 0.45717316782851963,
                "emo_pos": 0.18627561938720094,
                "emo_neg": 0.5003564659069906,
                "emo_anx": 0.5151159250076123,
                "emo_anger": 0.02481012658227848,
                "emo_sad": 0.04483611223367966,
                "i": 0.6907211082666039,
                "we": 0.5455893806329081,
                "you": 0.32189620253164547,
                "shehe": 0.11000365460646534,
                "they": 0.421254023242995,
                "conflict": 0.7482249150271167,
                "want": 0.16629236423029808,
                "comment_count": 0.13932980599647266
            },
            "away_vals": {
                "tone_pos": 0.6911616635663943,
                "tone_neg": 0.6088467730588732,
                "emotion": 0.5604793475514521,
                "emo_pos": 0.3067130336109043,
                "emo_neg": 0.5538178289460183,
                "emo_anx": 0.0,
                "emo_anger": 0.3418976545842218,
                "emo_sad": 1.0,
                "i": 0.42538015668702783,
                "we": 0.32812878168208054,
                "you": 0.6858840085287844,
                "shehe": 0.42313181001628525,
                "they": 0.35972399087539103,
                "conflict": 0.36011446628737287,
                "want": 0.2319923997523901,
                "comment_count": 0.2757201646090535
            },
            "neut_vals": {
                "tone_pos": 0.5431873310281033,
                "tone_neg": 0.4893052569286414,
                "emotion": 0.41161602139005404,
                "emo_pos": 0.19587923437154994,
                "emo_neg": 0.36144199734025023,
                "emo_anx": 0.0,
                "emo_anger": 0.10842900302114804,
                "emo_sad": 0.06241041325561908,
                "i": 0.46658937519946286,
                "we": 0.13199200880551332,
                "you": 0.23537341389728098,
                "shehe": 0.28024518083275846,
                "they": 0.2596043169472339,
                "conflict": 0.14626639086051246,
                "want": 0.07111879933729656,
                "comment_count": 0.19459141681363903
            },
            "wp_delta": -0.3269643784
        },
        {
            "start_utc": 1700342672,
            "end_utc": 1700343137,
            "home_vals": {
                "tone_pos": 0.5228173380728556,
                "tone_neg": 0.3296993659141235,
                "emotion": 0.3995283790078278,
                "emo_pos": 0.4091103737945316,
                "emo_neg": 0.1503909168101188,
                "emo_anx": 0.0,
                "emo_anger": 0.10566929133858269,
                "emo_sad": 0.0,
                "i": 0.5975415551709365,
                "we": 1.0,
                "you": 0.5282598425196849,
                "shehe": 0.4547915762498192,
                "they": 0.3022923206379967,
                "conflict": 0.5191494918201104,
                "want": 0.15821056642113285,
                "comment_count": 0.1493239271017049
            },
            "away_vals": {
                "tone_pos": 0.8540086807629519,
                "tone_neg": 0.24849698284252392,
                "emotion": 0.43392008029609175,
                "emo_pos": 0.4300265222978701,
                "emo_neg": 0.14197813134289267,
                "emo_anx": 0.6052634593356242,
                "emo_anger": 0.08624444444444444,
                "emo_sad": 0.03930109940408602,
                "i": 0.4449475481824833,
                "we": 0.3561004918837726,
                "you": 0.17556,
                "shehe": 0.5685739282589677,
                "they": 0.36401224892302886,
                "conflict": 0.19567630874854866,
                "want": 0.13196236559139782,
                "comment_count": 0.26455026455026454
            },
            "neut_vals": {
                "tone_pos": 0.5517191109743279,
                "tone_neg": 0.3818378573020963,
                "emotion": 0.3187261501362547,
                "emo_pos": 0.21475136562259742,
                "emo_neg": 0.2189885329933071,
                "emo_anx": 0.0,
                "emo_anger": 0.11661016949152543,
                "emo_sad": 0.18955041711591833,
                "i": 0.26079945087888323,
                "we": 0.10803143915706448,
                "you": 0.29432768361581924,
                "shehe": 0.44437030116998094,
                "they": 0.13662704211029128,
                "conflict": 0.11706466244157125,
                "want": 0.2633611262985239,
                "comment_count": 0.20811287477954143
            },
            "wp_delta": -0.038647293999999985
        },
        {
            "start_utc": 1700343137,
            "end_utc": 1700343882,
            "home_vals": {
                "tone_pos": 0.5461713056982438,
                "tone_neg": 0.5573955118044549,
                "emotion": 0.3011103443949565,
                "emo_pos": 0.0,
                "emo_neg": 0.5224906698094677,
                "emo_anx": 0.0,
                "emo_anger": 1.0,
                "emo_sad": 0.0,
                "i": 0.8375701390583067,
                "we": 0.6641738357346444,
                "you": 0.27499999999999997,