{
    "starting_win_prob": 0.5339412689,
    "game_datapoints": [
        {
            "start_utc": 1696707680,
            "end_utc": 1696708451,
            "home_vals": {
                "tone_pos": 0.5518674695762067,
                "tone_neg": 0.8690461922291379,
                "emotion": 0.601801534110293,
                "emo_pos": 0.6844770834154049,
                "emo_neg": 0.29842586557642553,
                "emo_anx": 0.2566681634485855,
                "emo_anger": 0.23218903254569775,
                "emo_sad": 0.0,
                "i": 0.7690592866906163,
                "we": 0.684607606651214,
                "you": 0.30613553113553105,
                "shehe": 0.05381428571428572,
                "they": 0.7446412210666213,
                "conflict": 0.12987012987012986,
                "want": 0.6563071039025427,
                "comment_count": 0.04246284501061571
            },
            "away_vals": {
                "tone_pos": 0.8647941325051505,
                "tone_neg": 0.8530683311763186,
                "emotion": 1.0,
                "emo_pos": 0.9375753610571911,
                "emo_neg": 1.0,
                "emo_anx": 0.0,
                "emo_anger": 0.0,
                "emo_sad": 0.0,
                "i": 0.5468439105110762,
                "we": 1.0,
                "you": 0.20002513826043236,
                "shehe": 0.11549019607843136,
                "they": 0.8665232249782007,
                "conflict": 0.0,
                "want": 0.8798156843302518,
                "comment_count": 0.030937215650591446
            },
            "neut_vals": {
                "tone_pos": 0.37128356435444165,
                "tone_neg": 0.25847020599182197,
                "emotion": 0.5026393887036364,
                "emo_pos": 0.4724538465691146,
                "emo_neg": 0.5020771200779496,
                "emo_anx": 0.0,
                "emo_anger": 1.0,
                "emo_sad": 0.0,
                "i": 0.43979879924178805,
                "we": 0.0,
                "you": 0.4457875457875457,
                "shehe": 0.06799999999999999,
                "they": 0.0,
                "conflict": 0.24621212121212116,
                "want": 0.8503435087470784,
                "comment_count": 0.006369426751592357
            },
            "wp_delta": 0.03917324550000001
        },
        {
            "start_utc": 1696708601,
            "end_utc": 1696709527,
            "home_vals": {
                "tone_pos": 0.4357645095186068,
                "tone_neg": 0.5846475350691591,
                "emotion": 0.739834043161984,
                "emo_pos": 0.5903692420375938,
                "emo_neg": 0.7807881205848852,
                "emo_anx": 1.0,
                "emo_anger": 0.27864467231386536,
                "emo_sad": 0.26847237269772484,
                "i": 0.8612978028733956,
                "we": 0.6041201622957914,
                "you": 0.6696275946275946,
                "shehe": 0.22285714285714286,
                "they": 0.43326654786236163,
                "conflict": 0.41558441558441556,
                "want": 0.7334531482399602,
                "comment_count": 0.050955414012738856
            },
            "away_vals": {
                "tone_pos": 1.0,
                "tone_neg": 0.3470515181734251,
                "emotion": 0.4733519051753394,
                "emo_pos": 0.6377730796335448,
                "emo_neg": 0.12510789512033807,
                "emo_anx": 0.14153084382092015,
                "emo_anger": 0.11500644648214867,
                "emo_sad": 0.07860677578987438,
                "i": 0.6167862234223697,
                "we": 0.49264118810950225,
                "you": 0.8762474012474012,
                "shehe": 0.11914864864864864,
                "they": 0.5171021327903421,
                "conflict": 0.18757678132678132,
                "want": 0.12083774404052043,
                "comment_count": 0.04488929329693661
            },
            "neut_vals": {
                "tone_pos": 0.8139258921163284,
                "tone_neg": 0.44209891777788973,
                "emotion": 0.6584642833278217,
                "emo_pos": 1.0,
                "emo_neg": 0.33421556967642924,
                "emo_anx": 0.0,
                "emo_anger": 0.07764118201993682,
                "emo_sad": 0.20186636179165945,
                "i": 0.6534084975110803,
                "we": 0.13355309280750574,
                "you": 0.3161070973225669,
                "shehe": 0.1950828729281768,
                "they": 0.6893519958850702,
                "conflict": 0.25401808136614756,
                "want": 0.48989117364282053,
                "comment_count": 0.05489839247801031
            },
            "wp_delta": -0.055776893999999966
        },
        {
            "start_utc": 1696709727,
            "end_utc": 1696711639,
            "home_vals": {
                "tone_pos": 0.49243601580858654,
                "tone_neg": 0.48232043006063346,
                "emotion": 0.6099544967613604,
                "emo_pos": 0.6087425926090384,
                "emo_neg": 0.47231486940953227,
                "emo_anx": 0.02259032665716013,
                "emo_anger": 0.20223855508088462,
                "emo_sad": 0.36656095243403286,
                "i": 0.4861253630155626,
                "we": 0.7147576889025894,
                "you": 0.4580188527490911,
                "shehe": 0.34712672521957344,
                "they": 0.762470583314535,
                "conflict": 0.3455429451351659,
                "want": 0.28351235327818924,
                "comment_count": 0.24173491052471943
            },
            "away_vals": {
                "tone_pos": 0.5317034157742153,
                "tone_neg": 0.5817983040400742,
                "emotion": 0.5732864859337052,
                "emo_pos": 0.6493795492926034,
                "emo_neg": 0.3921813889104786,
                "emo_anx": 0.08208760971267291,
                "emo_anger": 0.22894578423786635,
                "emo_sad": 0.354649519100322,
                "i": 0.605200114354853,
                "we": 0.5255780902347426,
                "you": 0.3163500830751269,
                "shehe": 0.36817513134851143,
                "they": 0.5576333211921769,
                "conflict": 0.5656344531125618,
                "want": 0.25267364008380605,
                "comment_count": 0.1731877464361541
            },
            "neut_vals": {
                "tone_pos": 0.4572415880551741,
                "tone_neg": 0.6150226778099027,
                "emotion": 0.6261603061916163,
                "emo_pos": 0.6379402912777572,
                "emo_neg": 0.46632137599375273,
                "emo_anx": 0.10939114070577405,
                "emo_anger": 0.3169969329482903,
                "emo_sad": 0.275063725997267,
                "i": 0.5781733536217589,
                "we": 0.14253928672242835,
                "you": 0.33222007473263776,
                "shehe": 0.3270311557788944,
                "they": 0.5833310608295549,
                "conflict": 0.24266788487894006,
                "want": 0.2642264370937483,
                "comment_count": 0.30178950561116163
            },
            "wp_delta": 0.11289024350000004
        },
        {
            "start_utc": 1696711640,
            "end_utc": 1696712166,
            "home_vals": {
                "tone_pos": 0.7862012789937227,
                "tone_neg": 0.7016760361080188,
                "emotion": 0.4734954506158574,
                "emo_pos": 0.9169143405746036,
                "emo_neg": 0.07259935173663916,
                "emo_anx": 0.0,
                "emo_anger": 0.14459800861940855,
                "emo_sad": 0.0,
                "i": 0.4472444892769957,
                "we": 0.2248447950094473,
                "you": 1.0,
                "shehe": 0.14200000000000002,
                "they": 0.4134658303380554,
                "conflict": 0.0,