{
    "starting_win_prob": 0.5334510207,
    "game_datapoints": [
        {
            "start_utc": 1696732897,
            "end_utc": 1696733708,
            "home_vals": {
                "tone_pos": 0.6036611065196981,
                "tone_neg": 0.7772673114952134,
                "emotion": 0.37886073766648526,
                "emo_pos": 0.1580830646882867,
                "emo_neg": 0.9219342527958264,
                "emo_anx": 1.0,
                "emo_anger": 1.0,
                "emo_sad": 0.2698728410172718,
                "i": 0.9630127640829074,
                "we": 0.35984901933116964,
                "you": 0.22186907894736843,
                "shehe": 0.5773671109946613,
                "they": 0.3054735874613004,
                "conflict": 0.7225424477919783,
                "want": 0.23012409654984317,
                "comment_count": 0.05675877520537715
            },
            "away_vals": {
                "tone_pos": 0.8390399043321043,
                "tone_neg": 0.09753183461719857,
                "emotion": 0.49990260978838963,
                "emo_pos": 0.5925394454629754,
                "emo_neg": 0.0,
                "emo_anx": 0.0,
                "emo_anger": 0.0,
                "emo_sad": 0.0,
                "i": 0.5621733906053616,
                "we": 0.7109204647006255,
                "you": 0.08580133333333334,
                "shehe": 0.5969383945239577,
                "they": 0.07897603485838779,
                "conflict": 0.29407977606717983,
                "want": 0.0,
                "comment_count": 0.028005974607916356
            },
            "neut_vals": {
                "tone_pos": 0.45958257259252233,
                "tone_neg": 0.7258399102614264,
                "emotion": 0.47191970681365364,
                "emo_pos": 0.25427276950720695,
                "emo_neg": 0.5621727563516414,
                "emo_anx": 0.5976637810456281,
                "emo_anger": 0.46253061224489794,
                "emo_sad": 0.24149763944745584,
                "i": 0.7153699754268066,
                "we": 0.259479126771352,
                "you": 0.3365199248120301,
                "shehe": 0.5533333957170461,
                "they": 0.31221512727898176,
                "conflict": 0.2594537428245211,
                "want": 0.4052644908329736,
                "comment_count": 0.09932785660941
            },
            "wp_delta": -0.16730648279999993
        },
        {
            "start_utc": 1696733714,
            "end_utc": 1696734719,
            "home_vals": {
                "tone_pos": 0.06962578673933394,
                "tone_neg": 0.7467596181472227,
                "emotion": 0.2788527980921239,
                "emo_pos": 0.13847779481793246,
                "emo_neg": 0.6148217309426978,
                "emo_anx": 0.9903002983821664,
                "emo_anger": 0.0,
                "emo_sad": 0.0,
                "i": 0.25877571276099726,
                "we": 0.3209762411019691,
                "you": 1.0,
                "shehe": 0.7033452782009743,
                "they": 1.0,
                "conflict": 0.0,
                "want": 0.47047593072412386,
                "comment_count": 0.010828976848394324
            },
            "away_vals": {
                "tone_pos": 0.29283344959640106,
                "tone_neg": 1.0,
                "emotion": 0.3058703408657407,
                "emo_pos": 0.182075585222728,
                "emo_neg": 0.5874254245066546,
                "emo_anx": 0.0,
                "emo_anger": 0.0,
                "emo_sad": 0.5560579959804766,
                "i": 0.3649572531524937,
                "we": 1.0,
                "you": 0.23022777777777778,
                "shehe": 1.0,
                "they": 0.0,
                "conflict": 1.0,
                "want": 0.8119687258511751,
                "comment_count": 0.006721433905899925
            },
            "neut_vals": {
                "tone_pos": 0.34271860081667,
                "tone_neg": 0.7356442494680304,
                "emotion": 0.4518795915046224,
                "emo_pos": 0.33177580120901273,
                "emo_neg": 0.6595006739348037,
                "emo_anx": 0.0688846151441972,
                "emo_anger": 0.1554195725534308,
                "emo_sad": 1.0,
                "i": 0.5874520577680854,
                "we": 0.2640011821578603,
                "you": 0.4423755905511811,
                "shehe": 0.5945788357040309,
                "they": 0.437710681385415,
                "conflict": 0.16900756544690135,
                "want": 0.04348801824563965,
                "comment_count": 0.0474234503360717
            },
            "wp_delta": -0.20606929069999996
        },
        {
            "start_utc": 1696734791,
            "end_utc": 1696736207,
            "home_vals": {
                "tone_pos": 0.4191310877952252,
                "tone_neg": 0.9676858984436414,
                "emotion": 0.5948819648587393,
                "emo_pos": 0.19377225332870868,
                "emo_neg": 1.0,
                "emo_anx": 0.2793213960189351,
                "emo_anger": 0.38591111111111115,
                "emo_sad": 0.3797830534022394,
                "i": 0.6963772219383174,
                "we": 0.5658251414953828,
                "you": 0.2646088888888889,
                "shehe": 0.6114965774735532,
                "they": 0.32302843591140157,
                "conflict": 0.28817354793561933,
                "want": 0.2262318741760989,
                "comment_count": 0.1344286781179985
            },
            "away_vals": {
                "tone_pos": 1.0,
                "tone_neg": 0.9122255410574859,
                "emotion": 1.0,
                "emo_pos": 1.0,
                "emo_neg": 0.60684309826118,
                "emo_anx": 0.05909199311333915,
                "emo_anger": 0.48468430335097,
                "emo_sad": 0.832504406322774,
                "i": 1.0,
                "we": 0.6096382351967695,
                "you": 0.5745043209876544,
                "shehe": 0.41203415612251953,
                "they": 0.39297889937868147,
                "conflict": 0.341614182411943,
                "want": 0.8140837209772162,
                "comment_count": 0.12098581030619865
            },
            "neut_vals": {
                "tone_pos": 0.8117376585498152,
                "tone_neg": 0.7507887109403025,
                "emotion": 0.6609871044269483,
                "emo_pos": 0.5264417005733862,
                "emo_neg": 0.6300047195015499,
                "emo_anx": 0.1556848595901923,
                "emo_anger": 0.6233735196841997,
                "emo_sad": 0.548908056457729,
                "i": 0.9152606711312992,
                "we": 0.226031991382469,
                "you": 0.2373874159820762,
                "shehe": 0.5310016437607498,
                "they": 0.5635491562818806,
                "conflict": 0.24769118928249825,
                "want": 0.19392982117015906,
                "comment_count": 1.0
            },
            "wp_delta": -0.13792043920000002
        },
        {
            "start_utc": 1696736249,
            "end_utc": 1696737311,
            "home_vals": {
                "tone_pos": 0.7041814670778058,
                "tone_neg": 0.3730703774785317,
                "emotion": 0.3229076036986775,
                "emo_pos": 0.2761084780695906,
                "emo_neg": 0.37841630450517616,
                "emo_anx": 0.2453829090825136,
                "emo_anger": 0.39552061361457336,
                "emo_sad": 0.0,
                "i": 0.680388025747385,
                "we": 0.5940946794537308,
                "you": 0.34729932885906045,
                "shehe": 0.18620715577402555,
                "they": 0.650916238978813,
                "conflict": 0.435541820675274,
                "want": 0.29392733226739104,
                "comment_count": 0.05563853622106049
            },