{
    "starting_win_prob": 0.4501535892,
    "game_datapoints": [
        {
            "start_utc": 1697942802,
            "end_utc": 1697943587,
            "home_vals": {
                "tone_pos": 0.0,
                "tone_neg": 0.0,
                "emotion": 0.0,
                "emo_pos": 0.0,
                "emo_neg": 0.0,
                "emo_anx": 0.0,
                "emo_anger": 0.0,
                "emo_sad": 0.0,
                "i": 0.0,
                "we": 0.0,
                "you": 0.0,
                "shehe": 0.0,
                "they": 0.0,
                "conflict": 0.0,
                "want": 0.0,
                "comment_count": 0.005671077504725898
            },
            "away_vals": {
                "tone_pos": 0.0,
                "tone_neg": 0.0,
                "emotion": 0.0,
                "emo_pos": 0.0,
                "emo_neg": 0.0,
                "emo_anx": 0.0,
                "emo_anger": 0.0,
                "emo_sad": 0.0,
                "i": 0.0,
                "we": 0.0,
                "you": 0.0,
                "shehe": 0.0,
                "they": 0.0,
                "conflict": 0.0,
                "want": 0.0,
                "comment_count": 0.0
            },
            "neut_vals": {
                "tone_pos": 0.0,
                "tone_neg": 0.0,
                "emotion": 0.0,
                "emo_pos": 0.0,
                "emo_neg": 0.0,
                "emo_anx": 0.0,
                "emo_anger": 0.0,
                "emo_sad": 0.0,
                "i": 0.0,
                "we": 0.0,
                "you": 0.0,
                "shehe": 0.0,
                "they": 0.0,
                "conflict": 0.0,
                "want": 0.0,
                "comment_count": 0.0
            },
            "wp_delta": -0.0716081857
        },
        {
            "start_utc": 1697943588,
            "end_utc": 1697944704,
            "home_vals": {
                "tone_pos": 0.37830165849206737,
                "tone_neg": 0.3206620888866366,
                "emotion": 0.3621950386113579,
                "emo_pos": 0.3470799489021187,
                "emo_neg": 0.18268183098074264,
                "emo_anx": 0.0,
                "emo_anger": 0.0,
                "emo_sad": 0.0,
                "i": 0.35982851798477283,
                "we": 0.09042975189033405,
                "you": 0.8854244594530971,
                "shehe": 0.47783418109928116,
                "they": 0.13244346387203532,
                "conflict": 0.47581884403873687,
                "want": 0.6485877551020408,
                "comment_count": 0.09262759924385633
            },
            "away_vals": {
                "tone_pos": 0.5426966597020595,
                "tone_neg": 0.0,
                "emotion": 0.774960705255245,
                "emo_pos": 0.41008192265151944,
                "emo_neg": 0.0,
                "emo_anx": 0.0,
                "emo_anger": 0.0,
                "emo_sad": 0.0,
                "i": 0.5388366516690465,
                "we": 1.0,
                "you": 0.4272408784072461,
                "shehe": 0.0,
                "they": 0.0,
                "conflict": 0.0,
                "want": 1.0,
                "comment_count": 0.017013232514177693
            },
            "neut_vals": {
                "tone_pos": 0.20738248356081362,
                "tone_neg": 0.8690680304284419,
                "emotion": 0.5828150982938108,
                "emo_pos": 0.17256247305175937,
                "emo_neg": 1.0,
                "emo_anx": 0.0,
                "emo_anger": 0.0,
                "emo_sad": 0.0,
                "i": 0.2593600416700343,
                "we": 0.0,
                "you": 0.07280184568059474,
                "shehe": 0.0,
                "they": 1.0,
                "conflict": 0.0,
                "want": 0.4208,
                "comment_count": 0.034026465028355386
            },
            "wp_delta": 0.016789913200000006
        },
        {
            "start_utc": 1697944767,
            "end_utc": 1697945931,
            "home_vals": {
                "tone_pos": 0.7389210546527731,
                "tone_neg": 0.6727646889649133,
                "emotion": 0.5616667844254203,
                "emo_pos": 0.45726775581247936,
                "emo_neg": 0.43166959828373297,
                "emo_anx": 0.8637489413289937,
                "emo_anger": 0.6277627614118948,
                "emo_sad": 0.6097405656032989,
                "i": 0.4796705607508643,
                "we": 0.09499121187765519,
                "you": 0.3663554325488034,
                "shehe": 0.30257629399054775,
                "they": 0.46809894640403116,
                "conflict": 0.7338541355533953,
                "want": 0.24402711864406776,
                "comment_count": 0.33459357277882795
            },
            "away_vals": {
                "tone_pos": 0.9973958313143724,
                "tone_neg": 0.323346044696701,
                "emotion": 1.0,
                "emo_pos": 1.0,
                "emo_neg": 0.17153140800411343,
                "emo_anx": 0.0,
                "emo_anger": 0.8175661864099435,
                "emo_sad": 0.0,
                "i": 0.5014321508434717,
                "we": 0.5759517605895929,
                "you": 0.474339912842861,
                "shehe": 0.17873432319446445,
                "they": 0.19862548262548263,
                "conflict": 0.0,
                "want": 0.774102857142857,
                "comment_count": 0.0661625708884688
            },
            "neut_vals": {
                "tone_pos": 0.519189695322677,
                "tone_neg": 0.840804289877782,
                "emotion": 0.3095816246613179,
                "emo_pos": 0.08900252836367654,
                "emo_neg": 0.5083141645052283,
                "emo_anx": 0.6771303422444287,
                "emo_anger": 0.33656213731991563,
                "emo_sad": 1.0,
                "i": 0.25972081671354996,
                "we": 0.029664730956245954,
                "you": 0.3876814467421193,
                "shehe": 0.249875135209693,
                "they": 0.20110441376628427,
                "conflict": 1.0,
                "want": 0.5834589928057553,
                "comment_count": 0.2627599243856333
            },
            "wp_delta": -0.005292117600000035
        },
        {
            "start_utc": 1697946020,
            "end_utc": 1697946921,
            "home_vals": {
                "tone_pos": 0.23391345497120483,
                "tone_neg": 1.0,
                "emotion": 0.6076060038753861,
                "emo_pos": 0.19391762709376642,
                "emo_neg": 0.4789060125194691,
                "emo_anx": 1.0,
                "emo_anger": 1.0,
                "emo_sad": 0.0,
                "i": 0.33946419098207326,
                "we": 0.12105099582415171,
                "you": 0.5133281911157657,
                "shehe": 1.0,
                "they": 0.13403466246515575,
                "conflict": 0.6981125975778141,
                "want": 0.183390134529148,
                "comment_count": 0.4215500945179584
            },
            "away_vals": {
                "tone_pos": 1.0,
                "tone_neg": 0.6645733563911554,
                "emotion": 0.23320576778514318,
                "emo_pos": 0.0746759181148417,
                "emo_neg": 0.38984703059388115,
                "emo_anx": 0.0,
                "emo_anger": 0.0,
                "emo_sad": 0.31426603011954674,
                "i": 1.0,
                "we": 0.15027357998957794,
                "you": 1.0,
                "shehe": 0.3907469307097209,
                "they": 0.050675675675675685,
                "conflict": 0.6958907401473886,
                "want": 0.0,
                "comment_count": 0.09073724007561437
            },
            "neut_vals": {
                "tone_pos": 0.37072193582463225,