{
    "starting_win_prob": 0.447694242,
    "game_datapoints": [
        {
            "start_utc": 1695523567,
            "end_utc": 1695524562,
            "home_vals": {
                "tone_pos": 0.8854610796470168,
                "tone_neg": 0.22224888995559827,
                "emotion": 0.3833152173913044,
                "emo_pos": 0.3485219454329775,
                "emo_neg": 0.17039999999999997,
                "emo_anx": 0.0,
                "emo_anger": 0.0,
                "emo_sad": 0.2609478104379124,
                "i": 1.0,
                "we": 0.18046970782581,
                "you": 0.259832391346716,
                "shehe": 0.0,
                "they": 0.0,
                "conflict": 0.35610589239965834,
                "want": 1.0,
                "comment_count": 0.08695652173913043
            },
            "away_vals": {
                "tone_pos": 0.4558314164328491,
                "tone_neg": 0.3425052664757193,
                "emotion": 0.4280382399161865,
                "emo_pos": 0.3644694078806329,
                "emo_neg": 0.20479518072289157,
                "emo_anx": 0.6695081379698741,
                "emo_anger": 0.04677576191354075,
                "emo_sad": 0.0,
                "i": 0.29747991457959827,
                "we": 0.39516153939857823,
                "you": 0.33381782831971035,
                "shehe": 0.2525029696249788,
                "they": 0.28951825007480236,
                "conflict": 0.0,
                "want": 0.04649057643395141,
                "comment_count": 0.7217391304347827
            },
            "neut_vals": {
                "tone_pos": 0.31652293533867276,
                "tone_neg": 0.7781111244449779,
                "emotion": 0.49565217391304356,
                "emo_pos": 0.26117833135626733,
                "emo_neg": 0.36313333333333336,
                "emo_anx": 0.0,
                "emo_anger": 0.2000200020002,
                "emo_sad": 0.11757648470305936,
                "i": 0.3754232266802099,
                "we": 0.057120717564949706,
                "you": 0.4860304467398601,
                "shehe": 1.0,
                "they": 0.770027105376074,
                "conflict": 0.5693139766581269,
                "want": 0.19858445624064247,
                "comment_count": 0.2608695652173913
            },
            "wp_delta": -0.18856269120000002
        },
        {
            "start_utc": 1695524562,
            "end_utc": 1695525419,
            "home_vals": {
                "tone_pos": 0.3813607883451901,
                "tone_neg": 0.8610071675594294,
                "emotion": 0.29442317193675893,
                "emo_pos": 0.2972339048851505,
                "emo_neg": 0.10547727272727273,
                "emo_anx": 0.0,
                "emo_anger": 0.0,
                "emo_sad": 0.17035229317772807,
                "i": 0.4224571771549934,
                "we": 1.0,
                "you": 1.0,
                "shehe": 0.8570742637644047,
                "they": 0.03178221891135143,
                "conflict": 0.08821131899697228,
                "want": 0.4059170719031887,
                "comment_count": 0.25507246376811593
            },
            "away_vals": {
                "tone_pos": 0.5131691346642331,
                "tone_neg": 0.5944985625511975,
                "emotion": 0.9287594517958413,
                "emo_pos": 0.7818164938882874,
                "emo_neg": 0.43673913043478263,
                "emo_anx": 0.4832102213173874,
                "emo_anger": 0.17630023871952413,
                "emo_sad": 0.06520435043426097,
                "i": 0.30157661138958186,
                "we": 0.2839059476710175,
                "you": 0.39626707792079413,
                "shehe": 0.5555753493291766,
                "they": 0.4428489720478369,
                "conflict": 0.07425834478149482,
                "want": 0.1259786603227582,
                "comment_count": 1.0
            },
            "neut_vals": {
                "tone_pos": 0.36168407223543697,
                "tone_neg": 0.5879630346504184,
                "emotion": 0.5798463797335203,
                "emo_pos": 0.4640121685225578,
                "emo_neg": 0.22114112903225808,
                "emo_anx": 0.37341141487872576,
                "emo_anger": 0.13479573763827996,
                "emo_sad": 0.061790061342570195,
                "i": 0.343627639705762,
                "we": 0.23201383699160996,
                "you": 0.5777626193724421,
                "shehe": 0.8526367147164513,
                "they": 0.2159113351381078,
                "conflict": 0.26311258643012586,
                "want": 0.07937736271552577,
                "comment_count": 0.7188405797101449
            },
            "wp_delta": 0.2069313824
        },
        {
            "start_utc": 1695525419,
            "end_utc": 1695526334,
            "home_vals": {
                "tone_pos": 0.34170299149319594,
                "tone_neg": 0.8633145325813033,
                "emotion": 1.0,
                "emo_pos": 0.5621921708185054,
                "emo_neg": 0.743,
                "emo_anx": 0.0,
                "emo_anger": 0.6846684668466845,
                "emo_sad": 0.7856428714257147,
                "i": 0.4835999661418656,
                "we": 0.7176286389087916,
                "you": 0.7366205418047163,
                "shehe": 0.341741357234315,
                "they": 0.6853118164788128,
                "conflict": 1.0,
                "want": 0.4294269769974139,
                "comment_count": 0.2608695652173913
            },
            "away_vals": {
                "tone_pos": 0.49843386655657607,
                "tone_neg": 0.6060736547108944,
                "emotion": 0.7883415920716113,
                "emo_pos": 0.20225706510362157,
                "emo_neg": 0.5697088235294119,
                "emo_anx": 1.0,
                "emo_anger": 0.7301186000953038,
                "emo_sad": 0.0,
                "i": 0.42761796821318715,
                "we": 0.4153168771688278,
                "you": 0.43956114505829613,
                "shehe": 0.4386118852150335,
                "they": 0.677109962379979,
                "conflict": 0.19116391219169138,
                "want": 0.08679412965676268,
                "comment_count": 0.9855072463768116
            },
            "neut_vals": {
                "tone_pos": 0.48644807842580706,
                "tone_neg": 0.42276209120653974,
                "emotion": 0.4888578771608172,
                "emo_pos": 0.31245037087853195,
                "emo_neg": 0.31023795180722896,
                "emo_anx": 0.4930927436148123,
                "emo_anger": 0.20281847461854616,
                "emo_sad": 0.08800348364062126,
                "i": 0.2849552093595306,
                "we": 0.04510518788792619,
                "you": 0.4229030720426043,
                "shehe": 0.7484669793128983,
                "they": 0.38412139657811817,
                "conflict": 0.7574619571368308,
                "want": 0.1360033847107499,
                "comment_count": 0.9623188405797102
            },
            "wp_delta": -0.0764337779
        },
        {
            "start_utc": 1695527222,
            "end_utc": 1695527671,
            "home_vals": {
                "tone_pos": 0.35268469214317516,
                "tone_neg": 1.0,
                "emotion": 0.9171195652173914,
                "emo_pos": 0.1453143534994069,
                "emo_neg": 1.0,
                "emo_anx": 0.0,
                "emo_anger": 1.0,
                "emo_sad": 1.0,
                "i": 0.43029456576942615,
                "we": 0.7640538173712281,
                "you": 0.5385305008770219,
                "shehe": 0.0,
                "they": 0.14645694012746852,
                "conflict": 0.0,
                "want": 0.0,
                "comment_count": 0.08695652173913043
            },