{
    "starting_win_prob": 0.5339412689,
    "game_datapoints": [
        {
            "start_utc": 1696102836,
            "end_utc": 1696103483,
            "home_vals": {
                "tone_pos": 0.9069949479990864,
                "tone_neg": 0.7073594859854404,
                "emotion": 1.0,
                "emo_pos": 1.0,
                "emo_neg": 0.0,
                "emo_anx": 0.0,
                "emo_anger": 0.0,
                "emo_sad": 0.0,
                "i": 0.0,
                "we": 1.0,
                "you": 0.8724975514201762,
                "shehe": 0.0,
                "they": 0.0,
                "conflict": 0.0,
                "want": 0.0,
                "comment_count": 0.006600660066006601
            },
            "away_vals": {
                "tone_pos": 0.6466766218185772,
                "tone_neg": 0.3678949480476199,
                "emotion": 0.1387876895319385,
                "emo_pos": 0.1156564079432821,
                "emo_neg": 0.06221033313633395,
                "emo_anx": 0.0,
                "emo_anger": 0.0,
                "emo_sad": 0.0,
                "i": 1.0,
                "we": 0.8291407885453892,
                "you": 0.9112973706019739,
                "shehe": 0.37373819519980483,
                "they": 0.8171782333815961,
                "conflict": 0.1922421254163498,
                "want": 0.0,
                "comment_count": 0.034323432343234324
            },
            "neut_vals": {
                "tone_pos": 0.2102259893257685,
                "tone_neg": 0.19425179730523245,
                "emotion": 0.16515735054300681,
                "emo_pos": 0.0,
                "emo_neg": 0.0,
                "emo_anx": 0.0,
                "emo_anger": 0.0,
                "emo_sad": 0.0,
                "i": 0.4501496298629706,
                "we": 0.4751165238310028,
                "you": 0.4101484216077751,
                "shehe": 0.0,
                "they": 0.0,
                "conflict": 0.0,
                "want": 0.0,
                "comment_count": 0.008580858085808581
            },
            "wp_delta": 0.0828390122
        },
        {
            "start_utc": 1696103646,
            "end_utc": 1696104812,
            "home_vals": {
                "tone_pos": 0.3638945415515515,
                "tone_neg": 0.77996903548879,
                "emotion": 0.542643484142409,
                "emo_pos": 0.29541660863368857,
                "emo_neg": 0.6038015095610497,
                "emo_anx": 0.8355239411058314,
                "emo_anger": 0.20127458924834668,
                "emo_sad": 0.9081421039077219,
                "i": 0.6036376989617601,
                "we": 0.4354411336896665,
                "you": 0.40964643339724144,
                "shehe": 0.5803300524755061,
                "they": 0.14758791234126709,
                "conflict": 0.20792988644408802,
                "want": 0.5663994433521493,
                "comment_count": 0.233003300330033
            },
            "away_vals": {
                "tone_pos": 0.2631179484177526,
                "tone_neg": 0.5831431494451881,
                "emotion": 0.3140524562619063,
                "emo_pos": 0.1527655712574033,
                "emo_neg": 0.4159093467177473,
                "emo_anx": 0.40496297249246976,
                "emo_anger": 0.2753029523117704,
                "emo_sad": 0.39722691510876534,
                "i": 0.5625319678559654,
                "we": 0.38176376856747385,
                "you": 0.5867413189010168,
                "shehe": 0.30936132065575,
                "they": 0.4785250702120622,
                "conflict": 0.37212522978829615,
                "want": 0.20683110079336095,
                "comment_count": 0.5122112211221123
            },
            "neut_vals": {
                "tone_pos": 0.5408132942585212,
                "tone_neg": 0.5241743044828364,
                "emotion": 0.4253760839132056,
                "emo_pos": 0.2351529574779152,
                "emo_neg": 0.3960687255303918,
                "emo_anx": 0.46751587753216545,
                "emo_anger": 0.21296337398079113,
                "emo_sad": 0.18421857480655868,
                "i": 0.7495328748996412,
                "we": 0.16449910189176573,
                "you": 0.5693084437940147,
                "shehe": 0.3127192287184216,
                "they": 0.5281465293028922,
                "conflict": 0.14404452731261122,
                "want": 0.32254815807607945,
                "comment_count": 0.568976897689769
            },
            "wp_delta": 0.05008161070000006
        },
        {
            "start_utc": 1696104812,
            "end_utc": 1696105950,
            "home_vals": {
                "tone_pos": 0.3525502590878191,
                "tone_neg": 0.4860836845569673,
                "emotion": 0.33131191633672463,
                "emo_pos": 0.15412051654721928,
                "emo_neg": 0.34368962573572365,
                "emo_anx": 0.0,
                "emo_anger": 0.30803131643075654,
                "emo_sad": 0.2545002658160553,
                "i": 0.8089139147022276,
                "we": 0.5512788386040528,
                "you": 0.5394585917945368,
                "shehe": 0.566032773886613,
                "they": 0.2153426217429165,
                "conflict": 0.3876198052809032,
                "want": 0.990642273258077,
                "comment_count": 0.1188118811881188
            },
            "away_vals": {
                "tone_pos": 0.5361435505512786,
                "tone_neg": 0.5380647823395915,
                "emotion": 0.43679964990899367,
                "emo_pos": 0.20167637851389794,
                "emo_neg": 0.5676262989884246,
                "emo_anx": 1.0,
                "emo_anger": 0.296142858768765,
                "emo_sad": 0.003362119267125686,
                "i": 0.5303064178854103,
                "we": 0.4871619036442958,
                "you": 0.7283337712907,
                "shehe": 0.44301875602342655,
                "they": 0.4590357502476491,
                "conflict": 0.1404815957467451,
                "want": 0.36038609183289183,
                "comment_count": 0.40594059405940597
            },
            "neut_vals": {
                "tone_pos": 0.5947399267548735,
                "tone_neg": 0.4119077984732027,
                "emotion": 0.3804041364779385,
                "emo_pos": 0.20866438507402413,
                "emo_neg": 0.3339908018484181,
                "emo_anx": 0.1088750696528366,
                "emo_anger": 0.071223321953975,
                "emo_sad": 0.13780879115523026,
                "i": 0.7946852585102903,
                "we": 0.19542103910233183,
                "you": 0.754805119651994,
                "shehe": 0.34867868546362174,
                "they": 0.8800787792267667,
                "conflict": 0.0933351933996204,
                "want": 0.6128442755830421,
                "comment_count": 0.38877887788778875
            },
            "wp_delta": -0.12975916259999998
        },
        {
            "start_utc": 1696105950,
            "end_utc": 1696106856,
            "home_vals": {
                "tone_pos": 0.43546061492693316,
                "tone_neg": 0.6833958789091988,
                "emotion": 0.41466834816921794,
                "emo_pos": 0.12390341793009489,
                "emo_neg": 0.7334725236637316,
                "emo_anx": 0.0,
                "emo_anger": 0.0,
                "emo_sad": 0.0,
                "i": 0.4848136135852986,
                "we": 0.29180819824546866,
                "you": 1.0,
                "shehe": 0.6389273510382085,
                "they": 0.0,
                "conflict": 0.0,
                "want": 0.4786266394451903,
                "comment_count": 0.03234323432343234
            },
            "away_vals": {
                "tone_pos": 1.0,
                "tone_neg": 0.8571256426420919,