{
    "starting_win_prob": 0.4525906444,
    "game_datapoints": [
        {
            "start_utc": 1694313768,
            "end_utc": 1694314661,
            "home_vals": {
                "tone_pos": 0.5756739535100199,
                "tone_neg": 0.7139228240651408,
                "emotion": 1.0,
                "emo_pos": 0.4450955924952093,
                "emo_neg": 0.9317982928766761,
                "emo_anx": 0.0,
                "emo_anger": 0.3993149009053096,
                "emo_sad": 0.0,
                "i": 0.2700979122651582,
                "we": 0.9963225293256543,
                "you": 0.4845813078228424,
                "shehe": 0.1973331411146166,
                "they": 0.3840197565083836,
                "conflict": 0.08513096053998978,
                "want": 0.3051700623780307,
                "comment_count": 0.26693227091633465
            },
            "away_vals": {
                "tone_pos": 0.7942839368919521,
                "tone_neg": 0.9520239824624771,
                "emotion": 0.9991514268378766,
                "emo_pos": 0.49147896825292803,
                "emo_neg": 1.0,
                "emo_anx": 0.0801156646619119,
                "emo_anger": 1.0,
                "emo_sad": 0.16543353837379826,
                "i": 0.8621476109469662,
                "we": 0.6688978987165474,
                "you": 0.5378513141058257,
                "shehe": 0.3950357361862232,
                "they": 0.4907592957123893,
                "conflict": 0.0,
                "want": 0.6013645346861193,
                "comment_count": 0.4063745019920319
            },
            "neut_vals": {
                "tone_pos": 0.7293011940788858,
                "tone_neg": 0.8577505826374273,
                "emotion": 0.8010197771615049,
                "emo_pos": 0.39221294784231325,
                "emo_neg": 0.8340476884024802,
                "emo_anx": 0.0,
                "emo_anger": 0.8663389523964107,
                "emo_sad": 0.7428510943199583,
                "i": 0.6795870819958706,
                "we": 0.4820296654682179,
                "you": 0.46964289163282696,
                "shehe": 0.5419973070986351,
                "they": 0.4675600210005925,
                "conflict": 0.6993965509100304,
                "want": 0.5694181658696579,
                "comment_count": 0.40239043824701193
            },
            "wp_delta": 0.23285180329999994
        },
        {
            "start_utc": 1694314661,
            "end_utc": 1694315697,
            "home_vals": {
                "tone_pos": 0.9411425433079158,
                "tone_neg": 0.40536473537406226,
                "emotion": 0.75651519393185,
                "emo_pos": 0.7527252000249023,
                "emo_neg": 0.43021910947723047,
                "emo_anx": 0.0,
                "emo_anger": 0.0,
                "emo_sad": 0.7995707428474763,
                "i": 0.6626809346207027,
                "we": 1.0,
                "you": 0.4258350123442776,
                "shehe": 0.11035293260781508,
                "they": 0.2516606179439559,
                "conflict": 0.07081273422653626,
                "want": 0.20468731367299234,
                "comment_count": 0.26095617529880477
            },
            "away_vals": {
                "tone_pos": 0.827043586807899,
                "tone_neg": 0.7694471149560383,
                "emotion": 0.8636514222177268,
                "emo_pos": 0.507975893505957,
                "emo_neg": 0.8869463031738276,
                "emo_anx": 0.589044796466793,
                "emo_anger": 0.0,
                "emo_sad": 1.0,
                "i": 0.5563696743273329,
                "we": 0.5488725071914933,
                "you": 0.5832815961555602,
                "shehe": 0.4071917716537542,
                "they": 0.6484888903284495,
                "conflict": 0.0,
                "want": 0.0400012026181705,
                "comment_count": 0.4820717131474104
            },
            "neut_vals": {
                "tone_pos": 0.7891060650437316,
                "tone_neg": 0.33043817519496954,
                "emotion": 0.49238350190246244,
                "emo_pos": 0.5767488153066834,
                "emo_neg": 0.2248992214843061,
                "emo_anx": 0.0,
                "emo_anger": 0.18460644111149868,
                "emo_sad": 0.0,
                "i": 0.5444217753165581,
                "we": 0.38676738151199297,
                "you": 0.6649392337794247,
                "shehe": 0.6846179197581994,
                "they": 0.4536115856586161,
                "conflict": 0.3001471783409145,
                "want": 0.5380114828963125,
                "comment_count": 0.5617529880478087
            },
            "wp_delta": -0.13588249689999998
        },
        {
            "start_utc": 1694315697,
            "end_utc": 1694316652,
            "home_vals": {
                "tone_pos": 0.556299179157072,
                "tone_neg": 0.6492196898546524,
                "emotion": 0.7632497591041958,
                "emo_pos": 0.32100464618806335,
                "emo_neg": 0.7229992654836339,
                "emo_anx": 1.0,
                "emo_anger": 0.42293992701922556,
                "emo_sad": 0.16235283933518005,
                "i": 0.7918650667233018,
                "we": 0.6252265630910201,
                "you": 0.819847688927274,
                "shehe": 0.6827616056496605,
                "they": 0.6156104836177891,
                "conflict": 0.6883739943024999,
                "want": 1.0,
                "comment_count": 0.3426294820717131
            },
            "away_vals": {
                "tone_pos": 0.9730601294909846,
                "tone_neg": 0.4083178702711945,
                "emotion": 0.5686617465937521,
                "emo_pos": 0.64953780531928,
                "emo_neg": 0.26386750447338847,
                "emo_anx": 0.16085052835917688,
                "emo_anger": 0.0,
                "emo_sad": 0.02574211230574205,
                "i": 0.6671248355390451,
                "we": 0.6274107471267406,
                "you": 0.712269591901538,
                "shehe": 0.7288226765998416,
                "they": 0.5760055723137536,
                "conflict": 0.05584436679514982,
                "want": 0.41267722618576974,
                "comment_count": 0.7051792828685259
            },
            "neut_vals": {
                "tone_pos": 0.7933857886304939,
                "tone_neg": 0.5376976287471603,
                "emotion": 0.765241916031614,
                "emo_pos": 0.775035375289771,
                "emo_neg": 0.4604688116000452,
                "emo_anx": 0.11695590370922065,
                "emo_anger": 0.4884298303799867,
                "emo_sad": 0.2952805509743327,
                "i": 0.6059753125522387,
                "we": 0.2832298463820222,
                "you": 0.644592176947673,
                "shehe": 1.0,
                "they": 0.6078430746108726,
                "conflict": 0.5020828624019117,
                "want": 0.15770710847829555,
                "comment_count": 0.6892430278884463
            },
            "wp_delta": -0.23784673209999996
        },
        {
            "start_utc": 1694317139,
            "end_utc": 1694317994,
            "home_vals": {
                "tone_pos": 1.0,
                "tone_neg": 0.8358961947867575,
                "emotion": 0.8728736737702193,
                "emo_pos": 1.0,
                "emo_neg": 0.5019909567163691,
                "emo_anx": 0.0,
                "emo_anger": 0.15057651103692263,
                "emo_sad": 0.21715388695703428,
                "i": 0.4802036335373554,
                "we": 0.9498529951352342,
                "you": 0.319929863744897,
                "shehe": 0.6122105780231653,
                "they": 1.0,
                "conflict": 0.056117564860422166,
                "want": 0.09209628877526398,