{
    "starting_win_prob": 0.5339412689,
    "game_datapoints": [
        {
            "start_utc": 1700957533,
            "end_utc": 1700958268,
            "home_vals": {
                "tone_pos": 0.4527439720990939,
                "tone_neg": 0.44405544029506694,
                "emotion": 0.6550189705284304,
                "emo_pos": 0.48469928746103524,
                "emo_neg": 0.813798748448763,
                "emo_anx": 0.6756453423120089,
                "emo_anger": 0.9003384391557593,
                "emo_sad": 0.0,
                "i": 0.4746146688781906,
                "we": 1.0,
                "you": 0.26013897825871074,
                "shehe": 0.12431119584236502,
                "they": 0.5175853212929331,
                "conflict": 0.3690412900939216,
                "want": 0.0,
                "comment_count": 0.02119460500963391
            },
            "away_vals": {
                "tone_pos": 0.797867142166934,
                "tone_neg": 0.21961775539803297,
                "emotion": 0.27403935565717846,
                "emo_pos": 0.2718619278800647,
                "emo_neg": 0.23215299964501243,
                "emo_anx": 0.7227820140401839,
                "emo_anger": 0.0,
                "emo_sad": 0.0,
                "i": 0.4728810925714115,
                "we": 0.3201,
                "you": 0.4885499092666436,
                "shehe": 0.45341376998946653,
                "they": 0.35598230130941527,
                "conflict": 0.0,
                "want": 0.5695223043893128,
                "comment_count": 0.046242774566473986
            },
            "neut_vals": {
                "tone_pos": 0.0,
                "tone_neg": 0.5382772879207011,
                "emotion": 0.0,
                "emo_pos": 0.0,
                "emo_neg": 0.0,
                "emo_anx": 0.0,
                "emo_anger": 0.0,
                "emo_sad": 0.0,
                "i": 0.8219463129208665,
                "we": 0.0,
                "you": 0.3382483281676006,
                "shehe": 1.0,
                "they": 0.6212887908292962,
                "conflict": 1.0,
                "want": 0.0,
                "comment_count": 0.019267822736030827
            },
            "wp_delta": 0.0026172697999999883
        },
        {
            "start_utc": 1700958409,
            "end_utc": 1700959447,
            "home_vals": {
                "tone_pos": 0.5738445581222973,
                "tone_neg": 0.3677301921668124,
                "emotion": 0.2871193882964141,
                "emo_pos": 0.2531229786829906,
                "emo_neg": 0.2929009810367736,
                "emo_anx": 0.0,
                "emo_anger": 0.12151807154249512,
                "emo_sad": 0.19352551960024358,
                "i": 0.5068329541052018,
                "we": 0.4330355828220858,
                "you": 0.6551197144725636,
                "shehe": 0.16039746000637992,
                "they": 0.3875743109893016,
                "conflict": 0.17053540463291833,
                "want": 0.5732511971385753,
                "comment_count": 0.15703275529865124
            },
            "away_vals": {
                "tone_pos": 0.46621325287975934,
                "tone_neg": 0.5880370822785345,
                "emotion": 0.4765048042519432,
                "emo_pos": 0.3016661122021027,
                "emo_neg": 0.5152231530429547,
                "emo_anx": 0.030167371077625522,
                "emo_anger": 0.06897611931408093,
                "emo_sad": 0.3333191587076143,
                "i": 0.26683093859144813,
                "we": 0.44403237597911205,
                "you": 0.5985050427486243,
                "shehe": 0.23959982688567472,
                "they": 0.8349236778642201,
                "conflict": 0.28056433511978374,
                "want": 0.5953011953640402,
                "comment_count": 0.36897880539499034
            },
            "neut_vals": {
                "tone_pos": 0.4794294371320576,
                "tone_neg": 0.4574847112322688,
                "emotion": 0.7434636973572232,
                "emo_pos": 0.8746255661996475,
                "emo_neg": 0.3501174160807121,
                "emo_anx": 0.0,
                "emo_anger": 0.3609623427649091,
                "emo_sad": 0.22924898034040483,
                "i": 0.35096185137862895,
                "we": 0.09119767441860464,
                "you": 0.41537901993104687,
                "shehe": 0.194577874574935,
                "they": 0.5290658634009548,
                "conflict": 0.09145926832585338,
                "want": 0.35927652893662343,
                "comment_count": 0.16570327552986513
            },
            "wp_delta": 0.059710740999999956
        },
        {
            "start_utc": 1700959637,
            "end_utc": 1700960841,
            "home_vals": {
                "tone_pos": 1.0,
                "tone_neg": 0.5945200652280843,
                "emotion": 1.0,
                "emo_pos": 1.0,
                "emo_neg": 0.6032849097623741,
                "emo_anx": 0.17424687544955225,
                "emo_anger": 1.0,
                "emo_sad": 0.1505711679944616,
                "i": 1.0,
                "we": 0.2797307875894988,
                "you": 1.0,
                "shehe": 0.30103411701709726,
                "they": 0.555727963693021,
                "conflict": 0.14303525985475488,
                "want": 0.44446063874364605,
                "comment_count": 0.40366088631984587
            },
            "away_vals": {
                "tone_pos": 0.32217553722916975,
                "tone_neg": 0.7303347028099293,
                "emotion": 0.36421157330863874,
                "emo_pos": 0.19008451328926873,
                "emo_neg": 0.5076154176709081,
                "emo_anx": 0.024927059842780517,
                "emo_anger": 0.37469825178689287,
                "emo_sad": 0.48523434421816586,
                "i": 0.42021348989758056,
                "we": 0.3806887719298244,
                "you": 0.5367267780021894,
                "shehe": 0.20588961631311833,
                "they": 1.0,
                "conflict": 0.36218836565096946,
                "want": 0.7285317898754519,
                "comment_count": 0.5491329479768786
            },
            "neut_vals": {
                "tone_pos": 0.6339144508152754,
                "tone_neg": 0.667344123631489,
                "emotion": 0.5643556484390287,
                "emo_pos": 0.4477611096720958,
                "emo_neg": 0.4824364068092762,
                "emo_anx": 0.07672354782777899,
                "emo_anger": 0.29612129557245875,
                "emo_sad": 0.5726336788623053,
                "i": 0.609260370162189,
                "we": 0.17146315789473682,
                "you": 0.34446915898024816,
                "shehe": 0.17540194274042686,
                "they": 0.6872795294302319,
                "conflict": 0.3095707770223005,
                "want": 0.5658584561844843,
                "comment_count": 0.8053949903660886
            },
            "wp_delta": 0.1491224915
        },
        {
            "start_utc": 1700960841,
            "end_utc": 1700962246,
            "home_vals": {
                "tone_pos": 0.42397712500372364,
                "tone_neg": 0.7105027563653691,
                "emotion": 0.41818485219000684,
                "emo_pos": 0.292189679218968,
                "emo_neg": 0.4851546464416919,
                "emo_anx": 0.07930951708127851,
                "emo_anger": 0.16799124000722793,
                "emo_sad": 0.133305884066059,
                "i": 0.4713457774322138,
                "we": 0.39072552301255226,
                "you": 0.8204955855717295,
                "shehe": 0.33695170074486847,
                "they": 0.3166341923425884,
                "conflict": 0.27635045307364176,
                "want": 0.605546727777955,