{
    "starting_win_prob": 0.5011326075,
    "game_datapoints": [
        {
            "start_utc": 1703970719,
            "end_utc": 1703971399,
            "home_vals": {
                "tone_pos": 0.4463614517660884,
                "tone_neg": 0.6743615395854688,
                "emotion": 0.5238581322087255,
                "emo_pos": 0.2704678703682102,
                "emo_neg": 0.5762734971330643,
                "emo_anx": 1.0,
                "emo_anger": 0.5337784135743289,
                "emo_sad": 0.10102825880111198,
                "i": 0.7731898126656903,
                "we": 0.3146377806554798,
                "you": 0.896401332085462,
                "shehe": 1.0,
                "they": 0.5480592225023212,
                "conflict": 0.29728153177318395,
                "want": 0.3064914264957195,
                "comment_count": 0.08284849895275774
            },
            "away_vals": {
                "tone_pos": 0.667677743322093,
                "tone_neg": 0.6805785615836848,
                "emotion": 0.5215468119729247,
                "emo_pos": 0.42705053378747865,
                "emo_neg": 0.30912545973789124,
                "emo_anx": 0.26799185942690656,
                "emo_anger": 0.08578057010825575,
                "emo_sad": 0.24412169255504476,
                "i": 0.6628039969357766,
                "we": 1.0,
                "you": 0.8552849312589457,
                "shehe": 0.7096398291579017,
                "they": 0.29773035458221236,
                "conflict": 0.6413578889473038,
                "want": 0.19226428122482586,
                "comment_count": 0.07726320688852688
            },
            "neut_vals": {
                "tone_pos": 0.6214747849675597,
                "tone_neg": 0.6187024347279384,
                "emotion": 0.7208507166244983,
                "emo_pos": 0.4278435208690471,
                "emo_neg": 0.37795427741700177,
                "emo_anx": 0.45607215588815525,
                "emo_anger": 0.27756891063369754,
                "emo_sad": 0.2458528256466771,
                "i": 0.6859841269520647,
                "we": 0.20342442238571662,
                "you": 0.2676474640935682,
                "shehe": 0.35159938193566503,
                "they": 0.7988655630190044,
                "conflict": 0.7963232564831328,
                "want": 0.2848999954484274,
                "comment_count": 0.21037933441936235
            },
            "wp_delta": -0.007439285600000012
        },
        {
            "start_utc": 1703971462,
            "end_utc": 1703972627,
            "home_vals": {
                "tone_pos": 1.0,
                "tone_neg": 0.4122375495894934,
                "emotion": 1.0,
                "emo_pos": 1.0,
                "emo_neg": 0.34198144374270245,
                "emo_anx": 0.8738022738444058,
                "emo_anger": 0.3552105767530431,
                "emo_sad": 0.1309607165280618,
                "i": 1.0,
                "we": 0.5565639982666516,
                "you": 0.8309089078595248,
                "shehe": 0.2938412698412698,
                "they": 0.31852907684660886,
                "conflict": 0.0,
                "want": 0.3121726827895634,
                "comment_count": 0.021875727251570862
            },
            "away_vals": {
                "tone_pos": 0.3703870235515806,
                "tone_neg": 0.3591183139110837,
                "emotion": 0.35900111034294935,
                "emo_pos": 0.23230777923747373,
                "emo_neg": 0.28925481820428806,
                "emo_anx": 0.0,
                "emo_anger": 0.34169056001161396,
                "emo_sad": 0.0,
                "i": 0.2671024107225888,
                "we": 0.6361949209944268,
                "you": 0.7160502958579883,
                "shehe": 0.18563305618543713,
                "they": 0.39559974858711705,
                "conflict": 0.13249488199325019,
                "want": 0.23512123438648058,
                "comment_count": 0.024435652781010005
            },
            "neut_vals": {
                "tone_pos": 0.5550026855561727,
                "tone_neg": 0.7487047808391611,
                "emotion": 0.7308787131218523,
                "emo_pos": 0.3263490207711682,
                "emo_neg": 0.9325972392417329,
                "emo_anx": 0.2991895828238286,
                "emo_anger": 1.0,
                "emo_sad": 0.5438007677225877,
                "i": 0.5952734387016113,
                "we": 0.17903408854147518,
                "you": 0.6359111843796843,
                "shehe": 0.52529693358825,
                "they": 0.5115832416369348,
                "conflict": 0.4544534925860429,
                "want": 0.28649226038688813,
                "comment_count": 0.08308121945543402
            },
            "wp_delta": -0.1591821611
        },
        {
            "start_utc": 1703972651,
            "end_utc": 1703974091,
            "home_vals": {
                "tone_pos": 0.5070831029501496,
                "tone_neg": 0.8853111730379818,
                "emotion": 0.8640084411633246,
                "emo_pos": 0.5435187889102584,
                "emo_neg": 0.7773648715742827,
                "emo_anx": 0.06613222569472983,
                "emo_anger": 0.7238664224131064,
                "emo_sad": 0.0414592004114871,
                "i": 0.6232518195006554,
                "we": 0.33326657283511124,
                "you": 0.5753768700417897,
                "shehe": 0.7279329727436632,
                "they": 0.6639366955711276,
                "conflict": 1.0,
                "want": 0.1748108704296756,
                "comment_count": 0.20898301140330464
            },
            "away_vals": {
                "tone_pos": 0.5251889215317981,
                "tone_neg": 0.679759484798583,
                "emotion": 0.728616235127596,
                "emo_pos": 0.39499231876778385,
                "emo_neg": 0.65635367276441,
                "emo_anx": 0.16268795878511425,
                "emo_anger": 0.33983480003720784,
                "emo_sad": 0.04784735293532747,
                "i": 0.5487713318602604,
                "we": 0.566036094494789,
                "you": 0.8321973880127179,
                "shehe": 0.3407507646043706,
                "they": 0.5069054566102004,
                "conflict": 0.8223313756071894,
                "want": 0.2344450077469474,
                "comment_count": 0.2161973469862695
            },
            "neut_vals": {
                "tone_pos": 0.5227066027778907,
                "tone_neg": 0.7491196859331017,
                "emotion": 0.6831333906769769,
                "emo_pos": 0.3352454627332087,
                "emo_neg": 0.6307582356546607,
                "emo_anx": 0.5847402790820598,
                "emo_anger": 0.36131827848422354,
                "emo_sad": 0.3114931756811067,
                "i": 0.5155473627915762,
                "we": 0.21240687700204117,
                "you": 0.5813152486954374,
                "shehe": 0.522848692529559,
                "they": 0.8719048951961971,
                "conflict": 0.681833965273199,
                "want": 0.2460894914283137,
                "comment_count": 0.6446357924133116
            },
            "wp_delta": -0.24432514979999997
        },
        {
            "start_utc": 1703974300,
            "end_utc": 1703975493,
            "home_vals": {
                "tone_pos": 0.46629102826427987,
                "tone_neg": 0.6876891690665388,
                "emotion": 0.5157002019104016,
                "emo_pos": 0.33275503519738514,
                "emo_neg": 0.4676419398687271,
                "emo_anx": 0.39237137081317386,
                "emo_anger": 0.4842663128234183,
                "emo_sad": 0.16455937850621233,
                "i": 0.4395076477643817,
                "we": 0.3224768362514929,
                "you": 0.8247959211731819,