{
    "starting_win_prob": 0.5473735332,
    "game_datapoints": [
        {
            "start_utc": 1698522413,
            "end_utc": 1698523454,
            "home_vals": {
                "tone_pos": 0.9718158137767717,
                "tone_neg": 0.05275314884163981,
                "emotion": 0.24020220658481592,
                "emo_pos": 0.36257245603847355,
                "emo_neg": 0.05431845353452087,
                "emo_anx": 0.0,
                "emo_anger": 0.2957876432804571,
                "emo_sad": 0.0,
                "i": 0.11720464950975268,
                "we": 0.8335751042475517,
                "you": 0.17303317523334988,
                "shehe": 0.0,
                "they": 0.3306811052438961,
                "conflict": 0.0,
                "want": 0.0,
                "comment_count": 0.0446685878962536
            },
            "away_vals": {
                "tone_pos": 0.4149858946603168,
                "tone_neg": 0.04437626691502766,
                "emotion": 0.0,
                "emo_pos": 0.0,
                "emo_neg": 0.0,
                "emo_anx": 0.0,
                "emo_anger": 0.0,
                "emo_sad": 0.0,
                "i": 0.690300666604944,
                "we": 0.5952571739936722,
                "you": 0.893647244058553,
                "shehe": 0.9146789155921864,
                "they": 0.0,
                "conflict": 0.0,
                "want": 0.0,
                "comment_count": 0.020172910662824207
            },
            "neut_vals": {
                "tone_pos": 0.5697090306941635,
                "tone_neg": 0.21239170077717162,
                "emotion": 0.17040188896678996,
                "emo_pos": 0.24406121177970871,
                "emo_neg": 0.0662226305313122,
                "emo_anx": 0.0,
                "emo_anger": 0.0,
                "emo_sad": 0.16864285714285715,
                "i": 0.4255971669289881,
                "we": 0.38667906022628945,
                "you": 0.17874732354406497,
                "shehe": 0.02863231328936437,
                "they": 0.6087877209230531,
                "conflict": 0.0,
                "want": 0.0,
                "comment_count": 0.06051873198847262
            },
            "wp_delta": 0.035728097000000014
        },
        {
            "start_utc": 1698523472,
            "end_utc": 1698524470,
            "home_vals": {
                "tone_pos": 0.5840724934958986,
                "tone_neg": 0.2622307084271793,
                "emotion": 0.2978182537519623,
                "emo_pos": 0.4554055451743859,
                "emo_neg": 0.16845541902475455,
                "emo_anx": 0.011994241842610363,
                "emo_anger": 0.6368919041616254,
                "emo_sad": 0.12563147792706333,
                "i": 0.4033742254973547,
                "we": 0.2825362469477252,
                "you": 0.3864287268023117,
                "shehe": 0.7917100715589872,
                "they": 0.4294647106767002,
                "conflict": 0.11541842144928842,
                "want": 0.5788076073193624,
                "comment_count": 0.3753602305475504
            },
            "away_vals": {
                "tone_pos": 0.42831193845672344,
                "tone_neg": 0.41798304083955756,
                "emotion": 0.2444090307942059,
                "emo_pos": 0.22023576113258486,
                "emo_neg": 0.13751778517390292,
                "emo_anx": 0.0,
                "emo_anger": 0.3846310556981624,
                "emo_sad": 0.0,
                "i": 0.3225363649456326,
                "we": 0.5566227787452829,
                "you": 0.5792505627582697,
                "shehe": 0.6451418194033299,
                "they": 0.5977699741881265,
                "conflict": 0.23200135408678585,
                "want": 0.5289543077398638,
                "comment_count": 0.07780979827089338
            },
            "neut_vals": {
                "tone_pos": 0.7969003931975256,
                "tone_neg": 0.13795024271883088,
                "emotion": 0.31356107123746774,
                "emo_pos": 0.8969994618906648,
                "emo_neg": 0.046793516698834046,
                "emo_anx": 0.0,
                "emo_anger": 0.03535613676974633,
                "emo_sad": 0.013352601156069363,
                "i": 0.3585369691202859,
                "we": 0.21341724492058908,
                "you": 0.559148491805443,
                "shehe": 0.7157956705468084,
                "they": 0.346136325310799,
                "conflict": 0.11346450979187084,
                "want": 0.7363439183288486,
                "comment_count": 0.12463976945244956
            },
            "wp_delta": -0.2098882794
        },
        {
            "start_utc": 1698524554,
            "end_utc": 1698526138,
            "home_vals": {
                "tone_pos": 1.0,
                "tone_neg": 0.24918370372498896,
                "emotion": 0.3305452094519034,
                "emo_pos": 0.7177021515247266,
                "emo_neg": 0.11156234591594022,
                "emo_anx": 0.019675072046109517,
                "emo_anger": 0.24804785954099742,
                "emo_sad": 0.07333141210374639,
                "i": 0.485857740917895,
                "we": 0.5270509944852483,
                "you": 0.5469683554107485,
                "shehe": 0.4568423973997512,
                "they": 0.6535814769102147,
                "conflict": 0.4577357712629424,
                "want": 0.5376949270016202,
                "comment_count": 1.0
            },
            "away_vals": {
                "tone_pos": 0.6532072426521638,
                "tone_neg": 0.41217034590155094,
                "emotion": 0.27173116812016623,
                "emo_pos": 0.3613688900002511,
                "emo_neg": 0.16572492555963692,
                "emo_anx": 0.011992805755395684,
                "emo_anger": 0.20456242266912547,
                "emo_sad": 0.05384172661870502,
                "i": 0.3476567417485325,
                "we": 0.7630860086442852,
                "you": 0.37455022803895677,
                "shehe": 0.4010090158017819,
                "they": 0.46835149384544233,
                "conflict": 0.38370959639674934,
                "want": 0.15292763234481396,
                "comment_count": 0.3004322766570605
            },
            "neut_vals": {
                "tone_pos": 0.8426989640631952,
                "tone_neg": 0.2867539003304266,
                "emotion": 0.25480184163682723,
                "emo_pos": 0.36919506507941,
                "emo_neg": 0.11195992871820752,
                "emo_anx": 0.0,
                "emo_anger": 0.0862156700251523,
                "emo_sad": 0.020356828193832596,
                "i": 0.39415250341887886,
                "we": 0.17608983382171928,
                "you": 0.39952310368214267,
                "shehe": 0.3552500745220439,
                "they": 0.5976207645825451,
                "conflict": 0.04057804763340829,
                "want": 0.3950793754412976,
                "comment_count": 0.49063400576368876
            },
            "wp_delta": -0.25962957740000003
        },
        {
            "start_utc": 1698526139,
            "end_utc": 1698527023,
            "home_vals": {
                "tone_pos": 0.49788102511867266,
                "tone_neg": 0.26454488928273007,
                "emotion": 0.05540886837641663,
                "emo_pos": 0.07695468286296481,
                "emo_neg": 0.0352651678833396,
                "emo_anx": 0.0,
                "emo_anger": 0.0,
                "emo_sad": 0.0,
                "i": 0.17918378647068814,
                "we": 0.2583901587585115,
                "you": 0.3980130209726624,
                "shehe": 0.47681030119692397,
                "they": 0.9941939675745989,
                "conflict": 0.49061271353880853,
                "want": 0.684085673699755,