{
    "starting_win_prob": 0.55082798,
    "game_datapoints": [
        {
            "start_utc": 1701551575,
            "end_utc": 1701552351,
            "home_vals": {
                "tone_pos": 0.907424368597925,
                "tone_neg": 0.43399722530747065,
                "emotion": 0.9586030825893691,
                "emo_pos": 1.0,
                "emo_neg": 0.6472952917019748,
                "emo_anx": 0.7513855194692477,
                "emo_anger": 0.5317541312911557,
                "emo_sad": 0.3143309923664122,
                "i": 0.8372786458087127,
                "we": 1.0,
                "you": 0.5254133961909351,
                "shehe": 0.2602103384108915,
                "they": 0.7030462683952986,
                "conflict": 0.14158838410398067,
                "want": 0.6743006419250234,
                "comment_count": 0.13026184951939013
            },
            "away_vals": {
                "tone_pos": 0.8927517194314113,
                "tone_neg": 0.45652738975898155,
                "emotion": 0.41118155189876837,
                "emo_pos": 0.3085387443040015,
                "emo_neg": 0.32273534316355973,
                "emo_anx": 0.11549314827590872,
                "emo_anger": 0.2554452665221354,
                "emo_sad": 0.0,
                "i": 0.5978310385035983,
                "we": 0.8998940881458016,
                "you": 0.7732056243790568,
                "shehe": 0.22062512380539684,
                "they": 0.7658013011027788,
                "conflict": 0.053460443233873965,
                "want": 0.5914866275204553,
                "comment_count": 0.04076897580377859
            },
            "neut_vals": {
                "tone_pos": 0.9164882673433351,
                "tone_neg": 0.5220733480471779,
                "emotion": 0.6876539849607223,
                "emo_pos": 0.6579908675799084,
                "emo_neg": 0.46228709812932106,
                "emo_anx": 0.1368637253486705,
                "emo_anger": 0.30744382679499643,
                "emo_sad": 0.38266538812785383,
                "i": 0.6867089694300336,
                "we": 0.22721278157245295,
                "you": 0.541729791409279,
                "shehe": 0.2219592264889051,
                "they": 0.674789808284193,
                "conflict": 0.3801787080175233,
                "want": 0.7661609556013083,
                "comment_count": 0.21776599270798808
            },
            "wp_delta": -0.3092348128
        },
        {
            "start_utc": 1701552538,
            "end_utc": 1701553573,
            "home_vals": {
                "tone_pos": 0.7330118163546911,
                "tone_neg": 0.529692265670298,
                "emotion": 0.7693900285332446,
                "emo_pos": 0.5266876955883982,
                "emo_neg": 0.5668473085534393,
                "emo_anx": 0.31395569151483205,
                "emo_anger": 0.15393109098963756,
                "emo_sad": 1.0,
                "i": 0.4891044176768621,
                "we": 0.5398039619908777,
                "you": 0.5919569873426578,
                "shehe": 0.4280582670154574,
                "they": 0.4324650592109483,
                "conflict": 0.9245609609988333,
                "want": 0.3612819098945383,
                "comment_count": 0.08004640371229699
            },
            "away_vals": {
                "tone_pos": 0.8076687940313311,
                "tone_neg": 0.4348796454243559,
                "emotion": 0.5317729409645978,
                "emo_pos": 0.4453817181925662,
                "emo_neg": 0.48673437723924723,
                "emo_anx": 0.06924910723842329,
                "emo_anger": 0.6617470596189958,
                "emo_sad": 0.16145192982456139,
                "i": 0.5912447579190737,
                "we": 0.8371973217258847,
                "you": 0.7014615275767228,
                "shehe": 0.22974687832192406,
                "they": 0.5870341149619308,
                "conflict": 0.4722733229011616,
                "want": 0.9657217506992701,
                "comment_count": 0.056678820019887305
            },
            "neut_vals": {
                "tone_pos": 0.709862085978472,
                "tone_neg": 0.42332970776443546,
                "emotion": 0.6420001928692445,
                "emo_pos": 0.5840719857764517,
                "emo_neg": 0.49433970133512073,
                "emo_anx": 0.18493517646542174,
                "emo_anger": 0.1736983709733215,
                "emo_sad": 0.6060398826979472,
                "i": 0.6187581440589514,
                "we": 0.28748906636638216,
                "you": 0.7204832846770802,
                "shehe": 0.3090271361166038,
                "they": 0.5241845422299005,
                "conflict": 0.461828984835371,
                "want": 0.5440776559714356,
                "comment_count": 0.16953927742790853
            },
            "wp_delta": 0.02018558979999996
        },
        {
            "start_utc": 1701553607,
            "end_utc": 1701554686,
            "home_vals": {
                "tone_pos": 1.0,
                "tone_neg": 0.489501198756629,
                "emotion": 0.6198218711947941,
                "emo_pos": 0.5013672105511625,
                "emo_neg": 0.5086930220988322,
                "emo_anx": 1.0,
                "emo_anger": 0.20608534979022347,
                "emo_sad": 0.14751625,
                "i": 0.8421108651226163,
                "we": 0.996145985778602,
                "you": 0.6001775573721901,
                "shehe": 0.199671357386531,
                "they": 0.3686107001238484,
                "conflict": 0.5999892358593185,
                "want": 0.29273894726156036,
                "comment_count": 0.06363937686443487
            },
            "away_vals": {
                "tone_pos": 0.7933047438125508,
                "tone_neg": 0.3527326682772091,
                "emotion": 0.4998450552540617,
                "emo_pos": 0.29258570476461565,
                "emo_neg": 0.49285672186463175,
                "emo_anx": 0.10382695507487523,
                "emo_anger": 0.6035366434601941,
                "emo_sad": 0.7537641176470586,
                "i": 0.7816073380058,
                "we": 0.943456865614656,
                "you": 0.8738080249026551,
                "shehe": 0.17091796976466317,
                "they": 0.5848234842880025,
                "conflict": 0.709712654097172,
                "want": 1.0,
                "comment_count": 0.045077891945641366
            },
            "neut_vals": {
                "tone_pos": 0.7115435737960814,
                "tone_neg": 0.5735997123764947,
                "emotion": 0.4402010168425922,
                "emo_pos": 0.2935961338809018,
                "emo_neg": 0.4588182754787445,
                "emo_anx": 0.262883894074847,
                "emo_anger": 0.5243474766450964,
                "emo_sad": 0.13679542372881356,
                "i": 0.6594839682093185,
                "we": 0.26348123471129187,
                "you": 0.4280276457947331,
                "shehe": 0.12038232670682435,
                "they": 0.9672455563130331,
                "conflict": 0.43810832278364326,
                "want": 0.6407254557326956,
                "comment_count": 0.1564468014584024
            },
            "wp_delta": 0.14586031439999997
        },
        {
            "start_utc": 1701554703,
            "end_utc": 1701555661,
            "home_vals": {
                "tone_pos": 0.7314621413894588,
                "tone_neg": 1.0,
                "emotion": 1.0,
                "emo_pos": 0.6045871973131886,
                "emo_neg": 1.0,
                "emo_anx": 0.42735423463082084,
                "emo_anger": 1.0,
                "emo_sad": 0.0,
                "i": 0.8565412844573529,
                "we": 0.7684393882523199,
                "you": 0.6978968188111573,
                "shehe": 0.20164731603468786,