{
    "starting_win_prob": 0.5339412689,
    "game_datapoints": [
        {
            "start_utc": 1700959404,
            "end_utc": 1700960457,
            "home_vals": {
                "tone_pos": 0.8684756968521039,
                "tone_neg": 0.7977289224293492,
                "emotion": 0.9151508484995055,
                "emo_pos": 0.8243912454508424,
                "emo_neg": 0.4519884612664315,
                "emo_anx": 0.0,
                "emo_anger": 0.7520275934511006,
                "emo_sad": 0.0,
                "i": 0.8546321994669034,
                "we": 1.0,
                "you": 0.2768720215739635,
                "shehe": 0.6726944442081446,
                "they": 0.23124797481831227,
                "conflict": 1.0,
                "want": 0.19306499086305748,
                "comment_count": 0.07645875251509054
            },
            "away_vals": {
                "tone_pos": 0.5038848679983681,
                "tone_neg": 0.6169262134395624,
                "emotion": 0.3641057848458029,
                "emo_pos": 0.26747951930208824,
                "emo_neg": 0.3429925084654985,
                "emo_anx": 1.0,
                "emo_anger": 0.0889952535428141,
                "emo_sad": 0.0,
                "i": 0.4164441526222477,
                "we": 0.8399860695131294,
                "you": 0.3269644662276836,
                "shehe": 0.5043339248705451,
                "they": 1.0,
                "conflict": 0.2066276874464341,
                "want": 0.4769075042809111,
                "comment_count": 0.2947686116700201
            },
            "neut_vals": {
                "tone_pos": 0.8707054036464498,
                "tone_neg": 0.4931566804496151,
                "emotion": 0.4340972882888354,
                "emo_pos": 0.14431118897767917,
                "emo_neg": 0.30091386397779174,
                "emo_anx": 0.0,
                "emo_anger": 0.0,
                "emo_sad": 0.0,
                "i": 0.2694104394923863,
                "we": 0.37960832817975676,
                "you": 0.4258282128007158,
                "shehe": 0.20484259109602576,
                "they": 0.5172047949444607,
                "conflict": 0.12583656042101082,
                "want": 0.45096739994699186,
                "comment_count": 0.07243460764587525
            },
            "wp_delta": 0.044922024000000005
        },
        {
            "start_utc": 1700960735,
            "end_utc": 1700961983,
            "home_vals": {
                "tone_pos": 0.7225007453493779,
                "tone_neg": 0.8278058703524422,
                "emotion": 0.546195157132686,
                "emo_pos": 0.24608485763168475,
                "emo_neg": 0.8006336679588238,
                "emo_anx": 0.6480511575564976,
                "emo_anger": 0.5884204678508953,
                "emo_sad": 0.05876176041406332,
                "i": 0.3485160708055948,
                "we": 0.6986641929499073,
                "you": 0.3232148717720835,
                "shehe": 0.4945292021841028,
                "they": 0.24652887716212254,
                "conflict": 0.0,
                "want": 0.3770814367531316,
                "comment_count": 0.1851106639839034
            },
            "away_vals": {
                "tone_pos": 1.0,
                "tone_neg": 0.7014253794591264,
                "emotion": 0.7163839291993864,
                "emo_pos": 0.5265337617941004,
                "emo_neg": 0.6635976938777501,
                "emo_anx": 0.19135215223611277,
                "emo_anger": 0.5880801910777618,
                "emo_sad": 0.07561276859205436,
                "i": 0.48737600729050057,
                "we": 0.6694194522184836,
                "you": 0.46349742900250485,
                "shehe": 0.5590094594187375,
                "they": 0.31380055553071073,
                "conflict": 0.2757692249435786,
                "want": 0.5165897748049253,
                "comment_count": 0.5935613682092555
            },
            "neut_vals": {
                "tone_pos": 0.9853807021199503,
                "tone_neg": 0.6630642800156081,
                "emotion": 0.6609684144818163,
                "emo_pos": 0.4395255822576986,
                "emo_neg": 0.4090729842801318,
                "emo_anx": 0.3206055410564346,
                "emo_anger": 0.0,
                "emo_sad": 0.553394334352177,
                "i": 0.6641156608583344,
                "we": 0.15241845711891794,
                "you": 0.46042757456963906,
                "shehe": 0.3058207375506396,
                "they": 0.10241325502879679,
                "conflict": 0.1217042866614777,
                "want": 0.0808086745381018,
                "comment_count": 0.24949698189134809
            },
            "wp_delta": 0.01599675420000002
        },
        {
            "start_utc": 1700961983,
            "end_utc": 1700962953,
            "home_vals": {
                "tone_pos": 0.8315299453152468,
                "tone_neg": 0.3940644502658139,
                "emotion": 0.5816785755251032,
                "emo_pos": 0.5180600370846532,
                "emo_neg": 0.380580809465912,
                "emo_anx": 0.41403268399442905,
                "emo_anger": 0.5221859741145868,
                "emo_sad": 0.06577778292848754,
                "i": 0.4986296896985363,
                "we": 0.8578396206967634,
                "you": 0.2524046322178303,
                "shehe": 0.10242129554801288,
                "they": 0.16874295579660575,
                "conflict": 0.23582563797041012,
                "want": 0.09929837735960187,
                "comment_count": 0.1448692152917505
            },
            "away_vals": {
                "tone_pos": 0.641177473288013,
                "tone_neg": 0.6919572890529676,
                "emotion": 0.5144569127267121,
                "emo_pos": 0.32061858060187,
                "emo_neg": 0.5359457190856506,
                "emo_anx": 0.5421892682237986,
                "emo_anger": 0.32532612378767306,
                "emo_sad": 0.10841902749138593,
                "i": 0.43043540037813766,
                "we": 0.5472910566198002,
                "you": 0.3096251572804784,
                "shehe": 0.4637359848315195,
                "they": 0.38359745637489867,
                "conflict": 0.2248924204413723,
                "want": 0.23933209647495363,
                "comment_count": 0.5010060362173038
            },
            "neut_vals": {
                "tone_pos": 0.544685516904425,
                "tone_neg": 0.4897157587898401,
                "emotion": 0.3602083881545656,
                "emo_pos": 0.2306001432688833,
                "emo_neg": 0.30800414689776845,
                "emo_anx": 0.11824773454880894,
                "emo_anger": 0.2506966433186209,
                "emo_sad": 0.11605756304468756,
                "i": 0.5116732319377637,
                "we": 0.25650587507730366,
                "you": 0.4216141632495578,
                "shehe": 0.4430745245407037,
                "they": 0.35046613896218126,
                "conflict": 0.13477435210008937,
                "want": 0.2702825448361163,
                "comment_count": 0.193158953722334
            },
            "wp_delta": -0.06209912889999997
        },
        {
            "start_utc": 1700963193,
            "end_utc": 1700964372,
            "home_vals": {
                "tone_pos": 0.7763037596482998,
                "tone_neg": 0.6807057499279923,
                "emotion": 0.723167958760939,
                "emo_pos": 0.4723093454970706,
                "emo_neg": 0.6856953339158454,
                "emo_anx": 0.1220621775987705,
                "emo_anger": 0.30872909916001157,
                "emo_sad": 0.0,
                "i": 0.5383943435571178,
                "we": 0.8257250583517863,
                "you": 0.4140714226855958,
                "shehe": 0.20212545324251976,