{
    "starting_win_prob": 0.5334510207,
    "game_datapoints": [
        {
            "start_utc": 1696720026,
            "end_utc": 1696720959,
            "home_vals": {
                "tone_pos": 0.6315044635683218,
                "tone_neg": 0.39652233460379965,
                "emotion": 0.2243374256773071,
                "emo_pos": 0.17115141028319988,
                "emo_neg": 0.3594347204335621,
                "emo_anx": 0.2594808654076586,
                "emo_anger": 0.8713700675203473,
                "emo_sad": 0.0,
                "i": 0.7749582692989113,
                "we": 0.6110190187572669,
                "you": 0.551734337521088,
                "shehe": 0.4084610580701063,
                "they": 0.3070243808336851,
                "conflict": 0.08963036975704872,
                "want": 0.6182124508338147,
                "comment_count": 0.2540291634689179
            },
            "away_vals": {
                "tone_pos": 0.6943187700631602,
                "tone_neg": 0.47440694076485934,
                "emotion": 0.46938809207514315,
                "emo_pos": 0.32827054182225335,
                "emo_neg": 0.9370685524083354,
                "emo_anx": 0.0,
                "emo_anger": 0.9466109654443705,
                "emo_sad": 1.0,
                "i": 0.7021615021554792,
                "we": 0.6738422252433408,
                "you": 0.7172566332819045,
                "shehe": 0.10612542698902265,
                "they": 0.23033281170819223,
                "conflict": 0.0,
                "want": 0.0,
                "comment_count": 0.07060629316960859
            },
            "neut_vals": {
                "tone_pos": 0.6026575696378011,
                "tone_neg": 0.530524585152005,
                "emotion": 0.34222308372559057,
                "emo_pos": 0.15727922842711986,
                "emo_neg": 0.8486427925971415,
                "emo_anx": 0.9687107249493283,
                "emo_anger": 0.40801230961084933,
                "emo_sad": 0.4568134078212291,
                "i": 0.6608115168880555,
                "we": 0.28163518244597235,
                "you": 0.6116541631980089,
                "shehe": 0.2810972049993821,
                "they": 0.655915476372233,
                "conflict": 0.10217553613005788,
                "want": 0.516819539563402,
                "comment_count": 0.13737528779739064
            },
            "wp_delta": 0.18225327140000003
        },
        {
            "start_utc": 1696721194,
            "end_utc": 1696722244,
            "home_vals": {
                "tone_pos": 0.0,
                "tone_neg": 0.0,
                "emotion": 0.0,
                "emo_pos": 0.0,
                "emo_neg": 0.0,
                "emo_anx": 0.0,
                "emo_anger": 0.0,
                "emo_sad": 0.0,
                "i": 0.0,
                "we": 0.0,
                "you": 0.0,
                "shehe": 0.0,
                "they": 0.0,
                "conflict": 0.0,
                "want": 0.0,
                "comment_count": 0.0
            },
            "away_vals": {
                "tone_pos": 0.0,
                "tone_neg": 0.0,
                "emotion": 0.0,
                "emo_pos": 0.0,
                "emo_neg": 0.0,
                "emo_anx": 0.0,
                "emo_anger": 0.0,
                "emo_sad": 0.0,
                "i": 0.0,
                "we": 0.0,
                "you": 0.0,
                "shehe": 0.0,
                "they": 0.0,
                "conflict": 0.0,
                "want": 0.0,
                "comment_count": 0.0
            },
            "neut_vals": {
                "tone_pos": 0.0,
                "tone_neg": 0.0,
                "emotion": 0.0,
                "emo_pos": 0.0,
                "emo_neg": 0.0,
                "emo_anx": 0.0,
                "emo_anger": 0.0,
                "emo_sad": 0.0,
                "i": 0.0,
                "we": 0.0,
                "you": 0.0,
                "shehe": 0.0,
                "they": 0.0,
                "conflict": 0.0,
                "want": 0.0,
                "comment_count": 0.0
            },
            "wp_delta": 0.1247814894
        },
        {
            "start_utc": 1696722323,
            "end_utc": 1696723601,
            "home_vals": {
                "tone_pos": 0.4810118009554248,
                "tone_neg": 0.6083918685558678,
                "emotion": 0.20609815826892475,
                "emo_pos": 0.14871314173088285,
                "emo_neg": 0.3181293095308803,
                "emo_anx": 0.11880156525852612,
                "emo_anger": 0.3823621042073509,
                "emo_sad": 0.05477165515477105,
                "i": 0.5934712735469054,
                "we": 0.32060785801730796,
                "you": 0.3651741863782438,
                "shehe": 0.4862025262361755,
                "they": 0.683901234052728,
                "conflict": 0.13341646076983607,
                "want": 0.38825411660912174,
                "comment_count": 1.0
            },
            "away_vals": {
                "tone_pos": 0.4151452759215668,
                "tone_neg": 0.8601863784322956,
                "emotion": 0.25797424787280704,
                "emo_pos": 0.10394069092290191,
                "emo_neg": 0.7435210008936552,
                "emo_anx": 0.05548331166016471,
                "emo_anger": 0.4878891250469584,
                "emo_sad": 0.3207200746965453,
                "i": 0.8013248116810321,
                "we": 0.6409409846449581,
                "you": 0.4302218092812507,
                "shehe": 0.2004397182213847,
                "they": 0.5395774374647793,
                "conflict": 0.16817197164089326,
                "want": 0.6935734787496448,
                "comment_count": 0.27398311588641594
            },
            "neut_vals": {
                "tone_pos": 0.5206367735480779,
                "tone_neg": 0.706441646982491,
                "emotion": 0.28857517285195267,
                "emo_pos": 0.18617074320707358,
                "emo_neg": 0.6232882628015645,
                "emo_anx": 0.04416709628273096,
                "emo_anger": 0.4360716397083495,
                "emo_sad": 0.5741743589743591,
                "i": 0.5276388826101277,
                "we": 0.19430757411926763,
                "you": 0.4240048784394409,
                "shehe": 0.2161555161379135,
                "they": 1.0,
                "conflict": 0.12588400379989692,
                "want": 0.3895829076578022,
                "comment_count": 0.5188027628549501
            },
            "wp_delta": 0.07458530369999994
        },
        {
            "start_utc": 1696723659,
            "end_utc": 1696724984,
            "home_vals": {
                "tone_pos": 0.49475864453939705,
                "tone_neg": 0.47824556894562076,
                "emotion": 0.24908303029176962,
                "emo_pos": 0.17437716225565178,
                "emo_neg": 0.3792802473185551,
                "emo_anx": 0.017418288964150146,
                "emo_anger": 0.34338889270711803,
                "emo_sad": 0.07706445875498313,
                "i": 0.7787035508756797,
                "we": 0.1948971191075077,
                "you": 0.3822467234634967,
                "shehe": 0.9538403025282494,
                "they": 0.5290949712025292,
                "conflict": 0.1064234984735877,
                "want": 0.625356406780648,
                "comment_count": 0.8342287029930928
            },
            "away_vals": {
                "tone_pos": 0.37848844833035117,
                "tone_neg": 0.6684233192883792,
                "emotion": 0.29011203459234297,
                "emo_pos": 0.11566870083569648,
                "emo_neg": 0.8442041830869677,
                "emo_anx": 0.5018056236543094,
                "emo_anger": 0.09619748860131916,
                "emo_sad": 0.32995322404371585,