{
    "starting_win_prob": 0.3916614652,
    "game_datapoints": [
        {
            "start_utc": 1693784765,
            "end_utc": 1693785620,
            "home_vals": {
                "tone_pos": 1.0,
                "tone_neg": 0.963965661968203,
                "emotion": 0.9968279345364808,
                "emo_pos": 0.5278320346324213,
                "emo_neg": 0.8797975906418097,
                "emo_anx": 0.5518695142786041,
                "emo_anger": 0.25207852428660743,
                "emo_sad": 0.0,
                "i": 0.6804431099152974,
                "we": 0.6187100071442821,
                "you": 0.8679727656309933,
                "shehe": 0.29173855092698125,
                "they": 0.744447323090986,
                "conflict": 0.2115039526650177,
                "want": 0.3250535678916758,
                "comment_count": 0.06602590890096113
            },
            "away_vals": {
                "tone_pos": 0.7595520270990906,
                "tone_neg": 0.5189392813888725,
                "emotion": 0.8622535194693118,
                "emo_pos": 0.6781809810367164,
                "emo_neg": 0.3570816004969506,
                "emo_anx": 0.0,
                "emo_anger": 0.28183407154656315,
                "emo_sad": 0.0,
                "i": 0.4233209155788588,
                "we": 0.7655229220501593,
                "you": 0.6429418777943369,
                "shehe": 0.203079801691858,
                "they": 0.5143160207961809,
                "conflict": 0.10995069405188114,
                "want": 0.15359566394941718,
                "comment_count": 0.0637275386544087
            },
            "neut_vals": {
                "tone_pos": 0.7553886465599579,
                "tone_neg": 0.8449462867391853,
                "emotion": 0.8213626955989436,
                "emo_pos": 0.47389128885598997,
                "emo_neg": 0.5673728750226773,
                "emo_anx": 0.08543987460586158,
                "emo_anger": 0.42548560345349473,
                "emo_sad": 0.06951709165409171,
                "i": 0.7249632282249366,
                "we": 0.17953740270507998,
                "you": 0.7006615481351566,
                "shehe": 0.339202291470466,
                "they": 0.7878096734653541,
                "conflict": 0.4311745694013811,
                "want": 0.5985547256407333,
                "comment_count": 0.5739657333890514
            },
            "wp_delta": -0.023260206000000005
        },
        {
            "start_utc": 1693785688,
            "end_utc": 1693786865,
            "home_vals": {
                "tone_pos": 0.6488540982919715,
                "tone_neg": 0.7571036853531112,
                "emotion": 0.7179116523530984,
                "emo_pos": 0.5428752909028468,
                "emo_neg": 0.5178478125161764,
                "emo_anx": 0.6317230787184649,
                "emo_anger": 0.40808813703077423,
                "emo_sad": 0.0819952245160836,
                "i": 0.7630236851265584,
                "we": 0.9364194761634008,
                "you": 0.8547066895368785,
                "shehe": 0.34916950926569956,
                "they": 0.7098267927081101,
                "conflict": 0.24470333622496926,
                "want": 0.28999225498728975,
                "comment_count": 0.11073965733389052
            },
            "away_vals": {
                "tone_pos": 0.7661334033415017,
                "tone_neg": 0.3574409338413436,
                "emotion": 0.8324990972264243,
                "emo_pos": 0.7657275851342115,
                "emo_neg": 0.31561089652461505,
                "emo_anx": 0.2437241559523852,
                "emo_anger": 0.1551467582482374,
                "emo_sad": 0.26484098915818777,
                "i": 0.5360023891793649,
                "we": 1.0,
                "you": 0.755398030033909,
                "shehe": 0.5528904214590157,
                "they": 0.39476819424707016,
                "conflict": 0.1853635423259359,
                "want": 0.49670766133325733,
                "comment_count": 0.11763476807354785
            },
            "neut_vals": {
                "tone_pos": 0.7701301455439662,
                "tone_neg": 0.5604222117182616,
                "emotion": 0.8535988934980805,
                "emo_pos": 0.6398936964740061,
                "emo_neg": 0.5009081697011756,
                "emo_anx": 0.26645777928257725,
                "emo_anger": 0.4607236396342747,
                "emo_sad": 0.24024193286838993,
                "i": 0.6891845575387424,
                "we": 0.31121465787957625,
                "you": 0.677665409554056,
                "shehe": 0.6045900849313849,
                "they": 0.7279838411323495,
                "conflict": 0.4526106063901576,
                "want": 0.6325777894813748,
                "comment_count": 0.574174676138738
            },
            "wp_delta": -0.0054136811999999646
        },
        {
            "start_utc": 1693787010,
            "end_utc": 1693787952,
            "home_vals": {
                "tone_pos": 0.683278748364986,
                "tone_neg": 0.9835998659402039,
                "emotion": 0.7764236303752073,
                "emo_pos": 0.3142765180469966,
                "emo_neg": 0.639241534759226,
                "emo_anx": 0.0,
                "emo_anger": 0.628270549562288,
                "emo_sad": 0.0,
                "i": 0.9227680886715902,
                "we": 0.3783972673075123,
                "you": 0.8636363636363641,
                "shehe": 0.7688507012835852,
                "they": 1.0,
                "conflict": 0.42916469847268146,
                "want": 0.8868987015391125,
                "comment_count": 0.12202256581696615
            },
            "away_vals": {
                "tone_pos": 0.9838710223405472,
                "tone_neg": 0.578191702969436,
                "emotion": 0.9585151689485117,
                "emo_pos": 0.9507742611771374,
                "emo_neg": 0.30481540189865003,
                "emo_anx": 0.34493383342556355,
                "emo_anger": 0.22855754804879214,
                "emo_sad": 0.02347677611859234,
                "i": 0.8647534814208536,
                "we": 0.5989818904397952,
                "you": 0.9704355781675361,
                "shehe": 0.5179843291891355,
                "they": 0.7065390502526794,
                "conflict": 0.5400447327882449,
                "want": 0.3658339316427836,
                "comment_count": 0.14187212703719182
            },
            "neut_vals": {
                "tone_pos": 0.9098308936709606,
                "tone_neg": 0.9554659147526771,
                "emotion": 0.946933236231847,
                "emo_pos": 0.7450516746342886,
                "emo_neg": 0.45697848235829,
                "emo_anx": 0.11304056688345927,
                "emo_anger": 0.3329349121163569,
                "emo_sad": 0.20072282908309821,
                "i": 0.7263315240744591,
                "we": 0.12515846217228865,
                "you": 0.6946838166584218,
                "shehe": 0.7859758454911218,
                "they": 0.7733962149040364,
                "conflict": 0.5007277608496431,
                "want": 0.37051427059064734,
                "comment_count": 0.8063100710405349
            },
            "wp_delta": 0.016524136000000023
        },
        {
            "start_utc": 1693787963,
            "end_utc": 1693789563,
            "home_vals": {
                "tone_pos": 0.8273096390354879,
                "tone_neg": 0.7375031812937953,
                "emotion": 0.8991220788017987,
                "emo_pos": 0.773028094833588,
                "emo_neg": 0.49788976445445177,
                "emo_anx": 0.27742000944888884,
                "emo_anger": 0.14589731783592344,
                "emo_sad": 0.2789809520958681,
                "i": 0.7876802102468565,
                "we": 0.6531193627998926,