{
    "starting_win_prob": 0.5328556299,
    "game_datapoints": [
        {
            "start_utc": 1701566363,
            "end_utc": 1701566971,
            "home_vals": {
                "tone_pos": 1.0,
                "tone_neg": 0.33043455247376236,
                "emotion": 1.0,
                "emo_pos": 1.0,
                "emo_neg": 0.29744006349282964,
                "emo_anx": 0.21946130083010662,
                "emo_anger": 0.37962383899870394,
                "emo_sad": 0.09911422216148015,
                "i": 0.7741009825853626,
                "we": 0.4330981388491782,
                "you": 0.4563011515571682,
                "shehe": 0.8692506934103088,
                "they": 0.8271954391772258,
                "conflict": 0.3366829919020917,
                "want": 0.5539258994173497,
                "comment_count": 0.13940092165898618
            },
            "away_vals": {
                "tone_pos": 0.6833451318713522,
                "tone_neg": 0.5215693539383675,
                "emotion": 0.8374613516141836,
                "emo_pos": 0.7247273984296055,
                "emo_neg": 0.5456140292777052,
                "emo_anx": 0.0,
                "emo_anger": 0.5606634604539937,
                "emo_sad": 0.0,
                "i": 0.7528026951891286,
                "we": 1.0,
                "you": 0.3050949004532578,
                "shehe": 1.0,
                "they": 0.1320093493943232,
                "conflict": 0.1656753550310747,
                "want": 1.0,
                "comment_count": 0.06221198156682028
            },
            "neut_vals": {
                "tone_pos": 0.8012390884154906,
                "tone_neg": 0.5127899483102925,
                "emotion": 0.6473489999461686,
                "emo_pos": 0.4521855725058149,
                "emo_neg": 0.6309549915305076,
                "emo_anx": 0.11449030158045559,
                "emo_anger": 0.6964516217919406,
                "emo_sad": 0.33343590197380574,
                "i": 0.6980809578148881,
                "we": 0.2123492731448677,
                "you": 0.566856900024528,
                "shehe": 0.7452807412302426,
                "they": 0.8039004209947065,
                "conflict": 0.6232639408466983,
                "want": 0.9668722305171598,
                "comment_count": 0.23771121351766514
            },
            "wp_delta": -0.0998218655
        },
        {
            "start_utc": 1701567012,
            "end_utc": 1701568704,
            "home_vals": {
                "tone_pos": 0.9411284734205512,
                "tone_neg": 0.5423025465392205,
                "emotion": 0.7727552184942164,
                "emo_pos": 0.6797477758140625,
                "emo_neg": 0.5456269780945266,
                "emo_anx": 1.0,
                "emo_anger": 0.24300362873287673,
                "emo_sad": 0.2697506499997575,
                "i": 0.7223250986879257,
                "we": 0.3832492036262126,
                "you": 0.5367976563727607,
                "shehe": 0.9450810668903694,
                "they": 0.5519628521037219,
                "conflict": 0.2805903571518724,
                "want": 0.3123945069499897,
                "comment_count": 0.434715821812596
            },
            "away_vals": {
                "tone_pos": 0.8679945903717649,
                "tone_neg": 0.7914720866767391,
                "emotion": 0.6591027236605066,
                "emo_pos": 0.34135503710665743,
                "emo_neg": 0.9238349440224298,
                "emo_anx": 0.18460176510100995,
                "emo_anger": 0.38954487822920036,
                "emo_sad": 1.0,
                "i": 0.6442625261116518,
                "we": 0.7401912933487043,
                "you": 0.7117154272923842,
                "shehe": 0.3612608976568632,
                "they": 0.30183041826776297,
                "conflict": 0.4261205081169877,
                "want": 0.5586355115047744,
                "comment_count": 0.18932411674347158
            },
            "neut_vals": {
                "tone_pos": 0.7671273541972982,
                "tone_neg": 0.5735489038628548,
                "emotion": 0.5718228955436067,
                "emo_pos": 0.3993007049737561,
                "emo_neg": 0.5256602868119661,
                "emo_anx": 0.49938077619645027,
                "emo_anger": 0.41246073948191475,
                "emo_sad": 0.38764673556490026,
                "i": 0.6791601475824106,
                "we": 0.21722432044257659,
                "you": 0.4477927070380275,
                "shehe": 0.760106616981084,
                "they": 0.5702153408618175,
                "conflict": 0.4636114545788839,
                "want": 0.5358346660105796,
                "comment_count": 0.5702764976958525
            },
            "wp_delta": -0.18604883549999998
        },
        {
            "start_utc": 1701568747,
            "end_utc": 1701569924,
            "home_vals": {
                "tone_pos": 0.5268784137479277,
                "tone_neg": 0.8218703692045473,
                "emotion": 0.621771483042441,
                "emo_pos": 0.5022402589500838,
                "emo_neg": 0.6349108431531141,
                "emo_anx": 0.3637064195843675,
                "emo_anger": 0.58764135731962,
                "emo_sad": 0.3375167326721149,
                "i": 0.8042653400669064,
                "we": 0.24885547158849203,
                "you": 0.7760758993923329,
                "shehe": 0.9483885684873022,
                "they": 0.4974821828907885,
                "conflict": 0.42400381263887565,
                "want": 0.6436317126068177,
                "comment_count": 0.2803379416282642
            },
            "away_vals": {
                "tone_pos": 0.8640084318723259,
                "tone_neg": 0.7246537783423583,
                "emotion": 0.6723966637071549,
                "emo_pos": 0.5493006940109568,
                "emo_neg": 0.6531367663017984,
                "emo_anx": 0.0,
                "emo_anger": 0.29421855138705744,
                "emo_sad": 0.5542267781629833,
                "i": 0.7376015872584964,
                "we": 0.457810633876492,
                "you": 0.627866452170701,
                "shehe": 0.7529946684515428,
                "they": 0.7459571076344523,
                "conflict": 0.24365170242395084,
                "want": 0.5969618283556036,
                "comment_count": 0.15629800307219663
            },
            "neut_vals": {
                "tone_pos": 0.4968368768827139,
                "tone_neg": 0.6292889174313561,
                "emotion": 0.5932815051229069,
                "emo_pos": 0.39627841866130126,
                "emo_neg": 0.6496984250367224,
                "emo_anx": 0.11054323986874635,
                "emo_anger": 0.46045284093568073,
                "emo_sad": 0.10058390238771053,
                "i": 0.8222840608869005,
                "we": 0.13622334820329313,
                "you": 0.5858474942238543,
                "shehe": 0.6939318399457607,
                "they": 0.7783600428693335,
                "conflict": 0.28502025679682225,
                "want": 0.4808784207996249,
                "comment_count": 0.30376344086021506
            },
            "wp_delta": 0.0006922035999999965
        },
        {
            "start_utc": 1701569974,
            "end_utc": 1701570790,
            "home_vals": {
                "tone_pos": 0.9057295480735937,
                "tone_neg": 0.5706030978346894,
                "emotion": 0.6652766507234893,
                "emo_pos": 0.47158113600470414,
                "emo_neg": 0.7351057252163028,
                "emo_anx": 0.5793778341914815,
                "emo_anger": 0.3638455143973439,
                "emo_sad": 0.7688313041930925,
                "i": 0.6698465874319979,
                "we": 0.4810770258198677,
                "you": 0.5729397814175478,