{
    "starting_win_prob": 0.447694242,
    "game_datapoints": [
        {
            "start_utc": 1695484841,
            "end_utc": 1695485781,
            "home_vals": {
                "tone_pos": 0.9007873077551859,
                "tone_neg": 0.7960721681875623,
                "emotion": 0.9137311891367444,
                "emo_pos": 0.6745259376132805,
                "emo_neg": 0.9167546696183231,
                "emo_anx": 1.0,
                "emo_anger": 0.3138548802186605,
                "emo_sad": 0.0,
                "i": 0.8515118085736831,
                "we": 0.5711187887197258,
                "you": 0.9907950308914035,
                "shehe": 0.320697089168768,
                "they": 0.6045769339548323,
                "conflict": 0.2716733396506111,
                "want": 1.0,
                "comment_count": 0.39263157894736844
            },
            "away_vals": {
                "tone_pos": 0.9015826653944218,
                "tone_neg": 0.5385365853658538,
                "emotion": 0.9820154654967382,
                "emo_pos": 1.0,
                "emo_neg": 0.633326568520032,
                "emo_anx": 0.07346157684719144,
                "emo_anger": 0.30906951926662124,
                "emo_sad": 1.0,
                "i": 1.0,
                "we": 1.0,
                "you": 0.8077731217840812,
                "shehe": 0.11428078463144231,
                "they": 0.5455427284290523,
                "conflict": 0.19301376766355877,
                "want": 0.6666398117936417,
                "comment_count": 0.25894736842105265
            },
            "neut_vals": {
                "tone_pos": 1.0,
                "tone_neg": 0.2922284810433044,
                "emotion": 0.6331879282505897,
                "emo_pos": 0.6720030493615401,
                "emo_neg": 0.33741438677614455,
                "emo_anx": 0.07939626273382755,
                "emo_anger": 0.13742061696223434,
                "emo_sad": 0.5808604855029125,
                "i": 0.5198444915588422,
                "we": 0.2053082906003876,
                "you": 0.46307907014622995,
                "shehe": 0.14859390715521897,
                "they": 0.6369447141515803,
                "conflict": 0.09712962170222773,
                "want": 0.4437412894747305,
                "comment_count": 0.4463157894736842
            },
            "wp_delta": -0.1363943219
        },
        {
            "start_utc": 1695485781,
            "end_utc": 1695487333,
            "home_vals": {
                "tone_pos": 0.9101675415646827,
                "tone_neg": 0.5140974568069286,
                "emotion": 0.6038480974695855,
                "emo_pos": 0.8016200550776044,
                "emo_neg": 0.30393484926037384,
                "emo_anx": 0.22797335106323754,
                "emo_anger": 0.0,
                "emo_sad": 0.0,
                "i": 0.6927611010106267,
                "we": 0.4822454035480715,
                "you": 0.5928675643537858,
                "shehe": 0.34493436534801414,
                "they": 0.6593618341655453,
                "conflict": 0.3936073263460913,
                "want": 0.7164748628502945,
                "comment_count": 0.5768421052631579
            },
            "away_vals": {
                "tone_pos": 0.7978332683300363,
                "tone_neg": 0.8348581878159851,
                "emotion": 0.5573766970715467,
                "emo_pos": 0.5581707398599931,
                "emo_neg": 0.3588297946390769,
                "emo_anx": 0.0,
                "emo_anger": 0.29279192011338423,
                "emo_sad": 0.19988247560458758,
                "i": 0.6659212310564511,
                "we": 0.517298303263434,
                "you": 0.24610117636839518,
                "shehe": 0.4548843846509889,
                "they": 0.7545741885508188,
                "conflict": 0.7859200318249793,
                "want": 0.29777895089711226,
                "comment_count": 0.35157894736842105
            },
            "neut_vals": {
                "tone_pos": 0.7600134283307102,
                "tone_neg": 0.5190587915078937,
                "emotion": 0.48483798590795163,
                "emo_pos": 0.34804886987901357,
                "emo_neg": 0.4214967308711786,
                "emo_anx": 0.01927352628485773,
                "emo_anger": 0.0,
                "emo_sad": 0.4101132909643548,
                "i": 0.5885553345105844,
                "we": 0.2801808724435512,
                "you": 0.4264469889119467,
                "shehe": 0.263065584333881,
                "they": 1.0,
                "conflict": 0.03915791244307919,
                "want": 0.35504222129029916,
                "comment_count": 0.4631578947368421
            },
            "wp_delta": 0.18040323260000002
        },
        {
            "start_utc": 1695487333,
            "end_utc": 1695488302,
            "home_vals": {
                "tone_pos": 0.6824685055141831,
                "tone_neg": 0.9539126523331976,
                "emotion": 0.7683743393361463,
                "emo_pos": 0.5835754494769054,
                "emo_neg": 1.0,
                "emo_anx": 0.12235433483399248,
                "emo_anger": 0.06685247703540867,
                "emo_sad": 0.1352801354649083,
                "i": 0.8905416343122007,
                "we": 0.42702202758091856,
                "you": 0.5447926231504824,
                "shehe": 0.5063710210677829,
                "they": 0.3970487930029081,
                "conflict": 0.25742052292383033,
                "want": 0.4585575232161269,
                "comment_count": 0.6926315789473684
            },
            "away_vals": {
                "tone_pos": 0.5375575302611145,
                "tone_neg": 1.0,
                "emotion": 0.6019940790808662,
                "emo_pos": 0.6957507313151859,
                "emo_neg": 0.454842440562028,
                "emo_anx": 0.10906226083587828,
                "emo_anger": 0.3673312839494855,
                "emo_sad": 0.29884303397584744,
                "i": 0.5108873827163133,
                "we": 0.5552383106236218,
                "you": 0.610906195324889,
                "shehe": 0.7785531803154329,
                "they": 0.6033531567046563,
                "conflict": 1.0,
                "want": 0.7236360890117046,
                "comment_count": 0.2905263157894737
            },
            "neut_vals": {
                "tone_pos": 0.8907057189584905,
                "tone_neg": 0.8201497005988023,
                "emotion": 0.8465056162273739,
                "emo_pos": 0.6913141835016834,
                "emo_neg": 0.501018241431502,
                "emo_anx": 0.15327940325727152,
                "emo_anger": 0.08254398392198209,
                "emo_sad": 0.18700956826499593,
                "i": 0.9352789712055217,
                "we": 0.28929035853613216,
                "you": 0.8759309782850524,
                "shehe": 0.32712131742769646,
                "they": 0.4288022524715355,
                "conflict": 0.05166271484583964,
                "want": 0.6955551131694776,
                "comment_count": 0.47157894736842104
            },
            "wp_delta": -0.015239566600000032
        },
        {
            "start_utc": 1695488302,
            "end_utc": 1695490984,
            "home_vals": {
                "tone_pos": 0.5680646100076651,
                "tone_neg": 0.7924707937508447,
                "emotion": 0.6799231555563661,
                "emo_pos": 0.465681561692642,
                "emo_neg": 0.9690254077767622,
                "emo_anx": 0.27142258566442257,
                "emo_anger": 0.22315213772438477,
                "emo_sad": 0.47205704230180306,
                "i": 0.8009413378541016,
                "we": 0.2202669221819177,
                "you": 0.6338077271673376,
                "shehe": 0.740387226086438,
                "they": 0.4814314179098266,