{
    "starting_win_prob": 0.447694242,
    "game_datapoints": [
        {
            "start_utc": 1700932399,
            "end_utc": 1700933236,
            "home_vals": {
                "tone_pos": 1.0,
                "tone_neg": 0.6711127564065146,
                "emotion": 0.772020900529958,
                "emo_pos": 0.7916110321959653,
                "emo_neg": 0.7204642020817977,
                "emo_anx": 0.8505109543248315,
                "emo_anger": 0.7238795381311481,
                "emo_sad": 0.31299480807898916,
                "i": 0.7348186425770797,
                "we": 0.7724452348551467,
                "you": 0.6660291181612865,
                "shehe": 0.27641578310866394,
                "they": 0.6377242823725926,
                "conflict": 0.2682272091898614,
                "want": 0.13283952199860397,
                "comment_count": 0.08987603305785125
            },
            "away_vals": {
                "tone_pos": 0.6336431642334873,
                "tone_neg": 0.8302903332978773,
                "emotion": 0.6358455687501807,
                "emo_pos": 0.6424148869621994,
                "emo_neg": 0.6622165522944304,
                "emo_anx": 0.501778449047091,
                "emo_anger": 0.25355657055536807,
                "emo_sad": 0.22391081503353036,
                "i": 0.8988869760111595,
                "we": 0.9899225015400367,
                "you": 0.9015420584479145,
                "shehe": 0.35918017925529017,
                "they": 0.6890820268030976,
                "conflict": 1.0,
                "want": 0.34183598928952047,
                "comment_count": 0.09848484848484848
            },
            "neut_vals": {
                "tone_pos": 0.7195532994713776,
                "tone_neg": 0.6538362227585377,
                "emotion": 0.7879865559093272,
                "emo_pos": 0.9392890912014031,
                "emo_neg": 0.6231330053677229,
                "emo_anx": 0.41499489440361287,
                "emo_anger": 0.4301847982247046,
                "emo_sad": 0.26264019730845095,
                "i": 0.9040298919112516,
                "we": 0.36985252670045393,
                "you": 0.585343023241313,
                "shehe": 0.4038661705653046,
                "they": 0.6954899335600965,
                "conflict": 0.8015954263887529,
                "want": 0.41123933960201114,
                "comment_count": 0.25757575757575757
            },
            "wp_delta": 0.02536788579999999
        },
        {
            "start_utc": 1700933236,
            "end_utc": 1700934649,
            "home_vals": {
                "tone_pos": 0.8253924596734324,
                "tone_neg": 0.4062279770323892,
                "emotion": 0.7129280221000581,
                "emo_pos": 1.0,
                "emo_neg": 0.47123305654114683,
                "emo_anx": 0.24363346971876673,
                "emo_anger": 0.4488394802215562,
                "emo_sad": 0.0380629807480009,
                "i": 0.6243143486343564,
                "we": 0.8490595643086238,
                "you": 0.5372291039034566,
                "shehe": 1.0,
                "they": 0.3814083114820083,
                "conflict": 0.1946915575627565,
                "want": 0.18286379569197705,
                "comment_count": 0.20506198347107438
            },
            "away_vals": {
                "tone_pos": 0.6940040041221622,
                "tone_neg": 0.6967842208025555,
                "emotion": 0.7466508969225856,
                "emo_pos": 0.6655118792567565,
                "emo_neg": 0.773618449208627,
                "emo_anx": 0.24759116011706697,
                "emo_anger": 0.5101188390364323,
                "emo_sad": 0.19186469872973871,
                "i": 0.815471678636377,
                "we": 0.48031463900256954,
                "you": 0.7483758860510392,
                "shehe": 0.6358476940616313,
                "they": 0.507777942773528,
                "conflict": 0.7933210051125855,
                "want": 0.2381760227978658,
                "comment_count": 0.2596418732782369
            },
            "neut_vals": {
                "tone_pos": 0.6887466994083284,
                "tone_neg": 0.498413866430359,
                "emotion": 0.5690203061756147,
                "emo_pos": 0.552867147564876,
                "emo_neg": 0.48952575998845954,
                "emo_anx": 0.1341270805549513,
                "emo_anger": 0.20864301169130545,
                "emo_sad": 0.04920848234855299,
                "i": 0.7984589415655624,
                "we": 0.19272510615882937,
                "you": 0.5032506503723037,
                "shehe": 0.7499276685156228,
                "they": 0.624360108956412,
                "conflict": 0.3877550654000184,
                "want": 0.24618212981185836,
                "comment_count": 0.6322314049586777
            },
            "wp_delta": 0.12809890509999994
        },
        {
            "start_utc": 1700934818,
            "end_utc": 1700936386,
            "home_vals": {
                "tone_pos": 0.8462457429986365,
                "tone_neg": 0.48772051335581396,
                "emotion": 0.6678970345690646,
                "emo_pos": 0.7894149663933584,
                "emo_neg": 0.4736105509762086,
                "emo_anx": 0.1943724378604556,
                "emo_anger": 0.28409608757064503,
                "emo_sad": 0.2346160052652849,
                "i": 0.5853758503242804,
                "we": 0.4831759089975354,
                "you": 0.721784722250306,
                "shehe": 0.6419812889412617,
                "they": 0.7022864059794396,
                "conflict": 0.28873699684365584,
                "want": 0.21373105857539013,
                "comment_count": 0.39996556473829203
            },
            "away_vals": {
                "tone_pos": 0.5200055514751056,
                "tone_neg": 0.5553444441082119,
                "emotion": 0.5820619243128045,
                "emo_pos": 0.5019255751026155,
                "emo_neg": 0.637474725250972,
                "emo_anx": 0.32907240708365765,
                "emo_anger": 0.3576203200190813,
                "emo_sad": 0.08406870238330484,
                "i": 0.5995507888340726,
                "we": 0.63999069734443,
                "you": 0.5045491223784244,
                "shehe": 0.5534886596880354,
                "they": 0.5710443570071585,
                "conflict": 0.5396424663778544,
                "want": 0.20861150520705465,
                "comment_count": 0.32076446280991733
            },
            "neut_vals": {
                "tone_pos": 0.6404669191478857,
                "tone_neg": 0.48428158804734445,
                "emotion": 0.5568650615770305,
                "emo_pos": 0.5256131559550823,
                "emo_neg": 0.4875361937324009,
                "emo_anx": 0.2266864494461607,
                "emo_anger": 0.3090692972999544,
                "emo_sad": 0.15154371993882984,
                "i": 0.6733650198360054,
                "we": 0.1401422060078349,
                "you": 0.48514602297811316,
                "shehe": 0.5386303313827948,
                "they": 0.7758472920249473,
                "conflict": 0.37842218954541723,
                "want": 0.1946427511966196,
                "comment_count": 0.9579889807162535
            },
            "wp_delta": 0.10072940590000001
        },
        {
            "start_utc": 1700936386,
            "end_utc": 1700937320,
            "home_vals": {
                "tone_pos": 0.6483984002077146,
                "tone_neg": 0.5359196360301021,
                "emotion": 0.6623828815038556,
                "emo_pos": 0.4868514517018723,
                "emo_neg": 0.78989580948774,
                "emo_anx": 0.04357831977804271,
                "emo_anger": 0.29478681343050017,
                "emo_sad": 0.7997886856156129,
                "i": 0.6347448629450188,