{
    "starting_win_prob": 0.7202721834,
    "game_datapoints": [
        {
            "start_utc": 1693526900,
            "end_utc": 1693527418,
            "home_vals": {
                "tone_pos": 0.5540755410211142,
                "tone_neg": 1.0,
                "emotion": 1.0,
                "emo_pos": 0.6070791385242768,
                "emo_neg": 1.0,
                "emo_anx": 0.0,
                "emo_anger": 0.23854069223573435,
                "emo_sad": 1.0,
                "i": 0.863467448009719,
                "we": 0.13263239483503386,
                "you": 0.8405759686290212,
                "shehe": 0.13970405710069134,
                "they": 0.2871050278944283,
                "conflict": 0.0,
                "want": 1.0,
                "comment_count": 0.0345252774352651
            },
            "away_vals": {
                "tone_pos": 0.7490931225567337,
                "tone_neg": 0.49570996978851967,
                "emotion": 0.6128819157720894,
                "emo_pos": 1.0,
                "emo_neg": 0.33873013258667556,
                "emo_anx": 0.0,
                "emo_anger": 1.0,
                "emo_sad": 0.0,
                "i": 1.0,
                "we": 0.355214045735342,
                "you": 0.32555806770053825,
                "shehe": 0.12164909190450122,
                "they": 0.27908451096544173,
                "conflict": 0.0,
                "want": 0.24812765957446806,
                "comment_count": 0.030826140567200986
            },
            "neut_vals": {
                "tone_pos": 0.8839302548153097,
                "tone_neg": 0.6119532634876887,
                "emotion": 0.3796984432822583,
                "emo_pos": 0.4226550368388013,
                "emo_neg": 0.31163206358792295,
                "emo_anx": 0.0,
                "emo_anger": 0.23265079860028412,
                "emo_sad": 0.0,
                "i": 0.6849566758687984,
                "we": 0.165204321857351,
                "you": 0.29384724979094945,
                "shehe": 0.25062219154242676,
                "they": 0.5280480709117134,
                "conflict": 0.0,
                "want": 0.32559101654846334,
                "comment_count": 0.06658446362515413
            },
            "wp_delta": -0.05362933869999997
        },
        {
            "start_utc": 1693527418,
            "end_utc": 1693528711,
            "home_vals": {
                "tone_pos": 0.8780758163161897,
                "tone_neg": 0.3350115599514644,
                "emotion": 0.3045258040157734,
                "emo_pos": 0.3611176041254228,
                "emo_neg": 0.23846488877419317,
                "emo_anx": 0.11965667063971608,
                "emo_anger": 0.3739313567080035,
                "emo_sad": 0.0,
                "i": 0.49636226312799886,
                "we": 0.49516922841532834,
                "you": 0.2861702473672855,
                "shehe": 0.11827816422411398,
                "they": 0.7166976973600261,
                "conflict": 0.28931259903856377,
                "want": 0.4826487655023325,
                "comment_count": 0.11528976572133169
            },
            "away_vals": {
                "tone_pos": 0.4889255117441819,
                "tone_neg": 0.6206168804465776,
                "emotion": 0.43587387298768604,
                "emo_pos": 0.4093411894328563,
                "emo_neg": 0.2317203791701658,
                "emo_anx": 0.1895279141091282,
                "emo_anger": 0.3972599124368422,
                "emo_sad": 0.0,
                "i": 0.6651444844679393,
                "we": 0.43381025700436876,
                "you": 0.3089800237722631,
                "shehe": 0.13587350499111708,
                "they": 0.4290004539985492,
                "conflict": 0.647774244650828,
                "want": 0.3791102514506769,
                "comment_count": 0.1966707768187423
            },
            "neut_vals": {
                "tone_pos": 0.6567536736359414,
                "tone_neg": 0.7378573774414009,
                "emotion": 0.42930458337513616,
                "emo_pos": 0.5465830741911011,
                "emo_neg": 0.28988694690452793,
                "emo_anx": 0.1393573027455642,
                "emo_anger": 0.1729103100985286,
                "emo_sad": 0.0,
                "i": 0.45776782472233,
                "we": 0.22081746074351077,
                "you": 0.3834564290988331,
                "shehe": 0.36000362165939187,
                "they": 0.9410972505131416,
                "conflict": 0.4173534395394023,
                "want": 0.20182938954066412,
                "comment_count": 0.32983970406905055
            },
            "wp_delta": -0.04057571289999995
        },
        {
            "start_utc": 1693529024,
            "end_utc": 1693530179,
            "home_vals": {
                "tone_pos": 0.8465576411777883,
                "tone_neg": 0.29200614830126675,
                "emotion": 0.1596256537297,
                "emo_pos": 0.3005055010407374,
                "emo_neg": 0.04829998078453981,
                "emo_anx": 0.0,
                "emo_anger": 0.14169005300904275,
                "emo_sad": 0.0,
                "i": 0.4869212383969762,
                "we": 0.45664842310610154,
                "you": 0.9006007918564044,
                "shehe": 0.4250966016836861,
                "they": 0.5401709655654804,
                "conflict": 0.3605682246304546,
                "want": 0.922014184397163,
                "comment_count": 0.09247842170160296
            },
            "away_vals": {
                "tone_pos": 0.45498067747228954,
                "tone_neg": 0.8075324262317426,
                "emotion": 0.5220464498173933,
                "emo_pos": 0.6306322707495132,
                "emo_neg": 0.3976827163377912,
                "emo_anx": 0.49892157022981515,
                "emo_anger": 0.1950543681323926,
                "emo_sad": 0.04146938775510203,
                "i": 0.6037323812537954,
                "we": 0.9775710528835234,
                "you": 0.4863080155477153,
                "shehe": 0.5400695763909675,
                "they": 0.7565560582263132,
                "conflict": 0.10773894406794413,
                "want": 0.570169344333478,
                "comment_count": 0.21146732429099876
            },
            "neut_vals": {
                "tone_pos": 0.7323588701578392,
                "tone_neg": 0.5044853590914509,
                "emotion": 0.42285885502405063,
                "emo_pos": 0.5974205382035094,
                "emo_neg": 0.21037567262262932,
                "emo_anx": 1.0,
                "emo_anger": 0.17961519112147364,
                "emo_sad": 0.0,
                "i": 0.4697669208974531,
                "we": 0.3231817318925747,
                "you": 0.40581752345269184,
                "shehe": 0.40307452131353244,
                "they": 1.0,
                "conflict": 0.11961775323116097,
                "want": 0.5605532833969027,
                "comment_count": 0.28545006165228115
            },
            "wp_delta": 0.12139257780000001
        },
        {
            "start_utc": 1693530179,
            "end_utc": 1693531587,
            "home_vals": {
                "tone_pos": 1.0,
                "tone_neg": 0.5471653203031491,
                "emotion": 0.3252242987339978,
                "emo_pos": 0.27716817258911036,
                "emo_neg": 0.26617774182808246,
                "emo_anx": 0.0,
                "emo_anger": 0.5508272739272412,
                "emo_sad": 0.028635582822085892,
                "i": 0.7576129578081474,
                "we": 0.4983247185340969,
                "you": 0.742018610624713,
                "shehe": 0.6309237151298239,
                "they": 0.8397885645156093,
                "conflict": 0.25950744855676694,
                "want": 0.2284297089152852,