{
    "starting_win_prob": 0.9155678749,
    "game_datapoints": [
        {
            "start_utc": 1693075401,
            "end_utc": 1693076245,
            "home_vals": {
                "tone_pos": 0.8183158221601018,
                "tone_neg": 0.12965697410268057,
                "emotion": 0.18184715550800187,
                "emo_pos": 0.16880162639261337,
                "emo_neg": 0.13631707150499692,
                "emo_anx": 0.0,
                "emo_anger": 0.0,
                "emo_sad": 1.0,
                "i": 0.21997462300522183,
                "we": 1.0,
                "you": 0.7020481486820657,
                "shehe": 0.0,
                "they": 0.12123778935581084,
                "conflict": 0.0,
                "want": 0.27107617240444565,
                "comment_count": 0.00837159060221442
            },
            "away_vals": {
                "tone_pos": 0.5757252068738917,
                "tone_neg": 0.11911739029216618,
                "emotion": 0.29894375849338317,
                "emo_pos": 0.7357344441250776,
                "emo_neg": 0.10049750083111213,
                "emo_anx": 0.08928860800518554,
                "emo_anger": 0.04159754818457052,
                "emo_sad": 0.17615397903426708,
                "i": 0.4855903277028292,
                "we": 0.3997689580075944,
                "you": 0.3524882879862723,
                "shehe": 1.0,
                "they": 0.42891849370732954,
                "conflict": 0.16693036643045897,
                "want": 0.30286825473991247,
                "comment_count": 0.06535241695922225
            },
            "neut_vals": {
                "tone_pos": 0.8155446779935094,
                "tone_neg": 0.1968419466213625,
                "emotion": 0.33616535180094953,
                "emo_pos": 0.780953718471646,
                "emo_neg": 0.10370276803718423,
                "emo_anx": 0.039169061485381004,
                "emo_anger": 0.06944118536367258,
                "emo_sad": 0.07965203135099502,
                "i": 0.3229432177398944,
                "we": 0.36458442878676334,
                "you": 0.4314420250405851,
                "shehe": 0.32654547499063324,
                "they": 0.7301345884819862,
                "conflict": 0.1600600695792752,
                "want": 0.21925579570349543,
                "comment_count": 0.4164191196327302
            },
            "wp_delta": 0.004802040800000018
        },
        {
            "start_utc": 1693076287,
            "end_utc": 1693077957,
            "home_vals": {
                "tone_pos": 0.9161227479874725,
                "tone_neg": 0.37004501234209375,
                "emotion": 0.2993983222868118,
                "emo_pos": 0.7573067440235536,
                "emo_neg": 0.022379209743250222,
                "emo_anx": 0.0,
                "emo_anger": 0.028543060491616173,
                "emo_sad": 0.0,
                "i": 0.4467925823104638,
                "we": 0.8657297761679204,
                "you": 0.49913351029333075,
                "shehe": 0.9246564085143978,
                "they": 0.19379348993064618,
                "conflict": 0.34990656560354416,
                "want": 0.0,
                "comment_count": 0.02619497704563867
            },
            "away_vals": {
                "tone_pos": 0.7787714057223651,
                "tone_neg": 0.2602878931620811,
                "emotion": 0.4007396004353742,
                "emo_pos": 0.7811497881577842,
                "emo_neg": 0.1573247623539966,
                "emo_anx": 0.12586496890062873,
                "emo_anger": 0.05964223365341718,
                "emo_sad": 0.01228076175493197,
                "i": 0.29551903615968894,
                "we": 0.4520953920241484,
                "you": 0.4769131116521831,
                "shehe": 0.5072503751947516,
                "they": 0.7326336095291907,
                "conflict": 0.0767001185413435,
                "want": 0.07970856736476975,
                "comment_count": 0.15635970834458546
            },
            "neut_vals": {
                "tone_pos": 0.8049207395088912,
                "tone_neg": 0.2788549824466655,
                "emotion": 0.32385345876266947,
                "emo_pos": 0.5993768764422268,
                "emo_neg": 0.12492989052535391,
                "emo_anx": 0.047015403514903124,
                "emo_anger": 0.043296687216655784,
                "emo_sad": 0.12639812455455646,
                "i": 0.31318087350363655,
                "we": 0.31273735928745383,
                "you": 0.4511888988024268,
                "shehe": 0.2743401410392383,
                "they": 0.5924058671940171,
                "conflict": 0.1189972021364304,
                "want": 0.22026201785061852,
                "comment_count": 1.0
            },
            "wp_delta": 0.05764606029999997
        },
        {
            "start_utc": 1693078013,
            "end_utc": 1693078919,
            "home_vals": {
                "tone_pos": 0.4616423930806872,
                "tone_neg": 0.2939105219552609,
                "emotion": 0.46195358877495946,
                "emo_pos": 0.6962769203472254,
                "emo_neg": 0.27406700153597074,
                "emo_anx": 0.0,
                "emo_anger": 0.10589294223540002,
                "emo_sad": 0.8355335533553355,
                "i": 0.18154311649016644,
                "we": 0.4563957339692633,
                "you": 0.0,
                "shehe": 0.0,
                "they": 0.29944748297801077,
                "conflict": 0.0,
                "want": 0.0,
                "comment_count": 0.009181744531460978
            },
            "away_vals": {
                "tone_pos": 0.9940088197117284,
                "tone_neg": 0.2336213789285933,
                "emotion": 0.48424465242701686,
                "emo_pos": 1.0,
                "emo_neg": 0.21171489061397308,
                "emo_anx": 0.12997688158232726,
                "emo_anger": 0.059901186625212745,
                "emo_sad": 0.7446159463107883,
                "i": 0.475634046601352,
                "we": 0.7170632696014793,
                "you": 0.5360911251184024,
                "shehe": 0.6945273490302595,
                "they": 0.5973471579163883,
                "conflict": 0.14258842572417044,
                "want": 0.2692378261348208,
                "comment_count": 0.12368349986497434
            },
            "neut_vals": {
                "tone_pos": 0.8136700462815253,
                "tone_neg": 0.23020672421626553,
                "emotion": 0.36232385548751406,
                "emo_pos": 0.7371567024565432,
                "emo_neg": 0.1408351735075617,
                "emo_anx": 0.018441211610092066,
                "emo_anger": 0.04663240517600148,
                "emo_sad": 0.19644297763109642,
                "i": 0.3021058025474601,
                "we": 0.34592248498498507,
                "you": 0.5641708897489072,
                "shehe": 0.35451417901927484,
                "they": 0.7508134728458322,
                "conflict": 0.16276854345969385,
                "want": 0.24202584259510249,
                "comment_count": 0.5022954361328652
            },
            "wp_delta": 0.01491341089999998
        },
        {
            "start_utc": 1693078983,
            "end_utc": 1693080076,
            "home_vals": {
                "tone_pos": 0.415990159495971,
                "tone_neg": 0.44858148893360134,
                "emotion": 0.33765500554491384,
                "emo_pos": 0.8780723001690962,
                "emo_neg": 0.10081661457808246,
                "emo_anx": 0.0,
                "emo_anger": 0.0,
                "emo_sad": 0.0,
                "i": 0.35050788848065695,
                "we": 0.460436776061776,
                "you": 0.647733634533222,
                "shehe": 0.3008094358111585,
                "they": 0.6568638081418522,