{
    "starting_win_prob": 0.5078064799,
    "game_datapoints": [
        {
            "start_utc": 1700876496,
            "end_utc": 1700877655,
            "home_vals": {
                "tone_pos": 0.7862022235013584,
                "tone_neg": 0.5126144612398519,
                "emotion": 0.4217455352178589,
                "emo_pos": 0.29521654002981806,
                "emo_neg": 0.4971831348846334,
                "emo_anx": 0.40926268597824383,
                "emo_anger": 0.15973551418131196,
                "emo_sad": 0.0509755406835492,
                "i": 0.3337219978923425,
                "we": 0.4654906832298137,
                "you": 0.40823091218792246,
                "shehe": 0.332830724442224,
                "they": 0.4433706004140787,
                "conflict": 0.40570578797010143,
                "want": 0.19501312335958004,
                "comment_count": 0.4883720930232558
            },
            "away_vals": {
                "tone_pos": 0.9056832910240704,
                "tone_neg": 0.37386498120765216,
                "emotion": 0.7536416775551767,
                "emo_pos": 0.7101093926820066,
                "emo_neg": 0.7345931583029296,
                "emo_anx": 1.0,
                "emo_anger": 0.010298737098531956,
                "emo_sad": 0.23414466918066504,
                "i": 0.3713851312947593,
                "we": 0.5590905263157895,
                "you": 0.4922793876075958,
                "shehe": 0.4036407677355026,
                "they": 0.40490526315789477,
                "conflict": 0.16905585295371642,
                "want": 0.43462080397845,
                "comment_count": 0.19211324570273003
            },
            "neut_vals": {
                "tone_pos": 0.5780344672252511,
                "tone_neg": 0.4015568288173128,
                "emotion": 0.5350176230499839,
                "emo_pos": 0.3967173636198567,
                "emo_neg": 0.5578784891565317,
                "emo_anx": 0.20582847080084,
                "emo_anger": 0.4905114330667623,
                "emo_sad": 0.07708570282405326,
                "i": 0.4477461252046354,
                "we": 0.42000907617504024,
                "you": 0.2642920012868841,
                "shehe": 0.36778352372639345,
                "they": 0.360155591572123,
                "conflict": 0.17758177762670918,
                "want": 0.15764494187011063,
                "comment_count": 0.6238624873609707
            },
            "wp_delta": 0.08054518699999991
        },
        {
            "start_utc": 1700877655,
            "end_utc": 1700879021,
            "home_vals": {
                "tone_pos": 0.9084567517429777,
                "tone_neg": 0.8462441314553991,
                "emotion": 0.2745117531698764,
                "emo_pos": 0.0,
                "emo_neg": 0.0,
                "emo_anx": 0.0,
                "emo_anger": 0.0,
                "emo_sad": 0.0,
                "i": 0.806807955363571,
                "we": 1.0,
                "you": 1.0,
                "shehe": 0.0,
                "they": 1.0,
                "conflict": 0.0,
                "want": 0.0,
                "comment_count": 0.016177957532861477
            },
            "away_vals": {
                "tone_pos": 0.6988872321464978,
                "tone_neg": 1.0,
                "emotion": 0.3984342017437063,
                "emo_pos": 0.6501589696610444,
                "emo_neg": 0.0,
                "emo_anx": 0.0,
                "emo_anger": 0.0,
                "emo_sad": 0.0,
                "i": 1.0,
                "we": 0.0,
                "you": 0.6794364187622616,
                "shehe": 0.6302203409908965,
                "they": 0.0,
                "conflict": 1.0,
                "want": 1.0,
                "comment_count": 0.014155712841253791
            },
            "neut_vals": {
                "tone_pos": 0.7936607991622554,
                "tone_neg": 0.41730716710233706,
                "emotion": 0.9499840418118795,
                "emo_pos": 1.0,
                "emo_neg": 0.8278185214485785,
                "emo_anx": 0.0,
                "emo_anger": 0.0,
                "emo_sad": 1.0,
                "i": 0.908188397559774,
                "we": 0.3509894736842106,
                "you": 0.28164794007490634,
                "shehe": 0.5598807169739108,
                "they": 0.0,
                "conflict": 0.0,
                "want": 0.0,
                "comment_count": 0.03842264914054601
            },
            "wp_delta": 0.28613512220000004
        },
        {
            "start_utc": 1700879021,
            "end_utc": 1700879834,
            "home_vals": {
                "tone_pos": 0.6844993653081932,
                "tone_neg": 0.4724953494552219,
                "emotion": 0.690167436183424,
                "emo_pos": 0.628188642868045,
                "emo_neg": 0.40940995277928194,
                "emo_anx": 0.2809637635734476,
                "emo_anger": 0.04772903117076122,
                "emo_sad": 0.02466133250539561,
                "i": 0.3162373425220321,
                "we": 0.5175278825995808,
                "you": 0.18891270607757077,
                "shehe": 0.45227826447670205,
                "they": 0.5311446540880506,
                "conflict": 0.059730501352022,
                "want": 0.14881889763779527,
                "comment_count": 0.48230535894843274
            },
            "away_vals": {
                "tone_pos": 0.5663506018339027,
                "tone_neg": 0.5237696200083798,
                "emotion": 0.541985093190155,
                "emo_pos": 0.4631464512395417,
                "emo_neg": 0.41501886614134936,
                "emo_anx": 0.0,
                "emo_anger": 0.0,
                "emo_sad": 0.023141277199198527,
                "i": 0.4133017184712178,
                "we": 0.5888397515527949,
                "you": 0.1889811648482875,
                "shehe": 0.5788960921902839,
                "they": 0.4158509316770185,
                "conflict": 0.06018862755840802,
                "want": 0.056350564875042794,
                "comment_count": 0.16279069767441862
            },
            "neut_vals": {
                "tone_pos": 0.7902590592607461,
                "tone_neg": 0.3078737047054964,
                "emotion": 0.593492574154255,
                "emo_pos": 0.6070827062167491,
                "emo_neg": 0.2822159719654946,
                "emo_anx": 0.0621183426317004,
                "emo_anger": 0.28852264348477874,
                "emo_sad": 0.012536933189479729,
                "i": 0.3570170908066485,
                "we": 0.20602541806020064,
                "you": 0.25056973098008767,
                "shehe": 0.5116071239996901,
                "they": 0.5631304347826088,
                "conflict": 0.09366655729118063,
                "want": 0.41066678956100383,
                "comment_count": 0.6046511627906976
            },
            "wp_delta": -0.025717206299999962
        },
        {
            "start_utc": 1700879834,
            "end_utc": 1700880955,
            "home_vals": {
                "tone_pos": 0.6704300680854797,
                "tone_neg": 0.6945189970627587,
                "emotion": 0.40765134221824345,
                "emo_pos": 0.35270504687212767,
                "emo_neg": 0.42195136336253214,
                "emo_anx": 0.5950122735307317,
                "emo_anger": 0.13314285831657602,
                "emo_sad": 0.16120190937465492,
                "i": 0.3056519728000175,
                "we": 0.4635089376053964,
                "you": 0.24242546732267634,
                "shehe": 0.513456679912926,
                "they": 0.3263001686340641,
                "conflict": 0.12087009712775658,
                "want": 0.11075672876472228,
                "comment_count": 0.6006066734074823
            },