{
    "starting_win_prob": 0.447694242,
    "game_datapoints": [
        {
            "start_utc": 1699722377,
            "end_utc": 1699723554,
            "home_vals": {
                "tone_pos": 0.7054912946302616,
                "tone_neg": 0.5754190939376128,
                "emotion": 1.0,
                "emo_pos": 1.0,
                "emo_neg": 0.5517529957580797,
                "emo_anx": 0.20780042249613392,
                "emo_anger": 0.16424292057769313,
                "emo_sad": 0.02739818265679551,
                "i": 0.47435874969830333,
                "we": 0.9729182275306432,
                "you": 0.9471491857943319,
                "shehe": 0.717565763249514,
                "they": 0.775261089667825,
                "conflict": 0.509386084268996,
                "want": 0.09938643015257537,
                "comment_count": 0.07975057433541188
            },
            "away_vals": {
                "tone_pos": 0.6729295627353499,
                "tone_neg": 0.6658919494339892,
                "emotion": 0.6602938409931774,
                "emo_pos": 0.472498165553008,
                "emo_neg": 0.5611976460332526,
                "emo_anx": 0.2795806808105752,
                "emo_anger": 0.19857920499638562,
                "emo_sad": 0.4035797410141815,
                "i": 0.610398955920697,
                "we": 0.5235518394364165,
                "you": 0.6475804728181764,
                "shehe": 0.5327631459521168,
                "they": 0.5913878305188746,
                "conflict": 0.4350160479259238,
                "want": 0.27337155330606766,
                "comment_count": 0.19757138168690516
            },
            "neut_vals": {
                "tone_pos": 0.7121225864016448,
                "tone_neg": 0.8811626871827546,
                "emotion": 0.8059683065337623,
                "emo_pos": 0.6630063489753736,
                "emo_neg": 0.6079219957878711,
                "emo_anx": 0.12984777924447666,
                "emo_anger": 0.2915337197016399,
                "emo_sad": 0.18398993060127464,
                "i": 0.6843022950898344,
                "we": 0.2722480608856522,
                "you": 0.8251129568260166,
                "shehe": 0.44272485330459216,
                "they": 0.7599738841248466,
                "conflict": 0.7926549463902485,
                "want": 0.2971248557746587,
                "comment_count": 0.4302592714145061
            },
            "wp_delta": 0.07088655230000002
        },
        {
            "start_utc": 1699723554,
            "end_utc": 1699724428,
            "home_vals": {
                "tone_pos": 0.7235196605516852,
                "tone_neg": 0.21947973131405085,
                "emotion": 0.905615966458668,
                "emo_pos": 0.5988303928668953,
                "emo_neg": 0.0,
                "emo_anx": 0.0,
                "emo_anger": 0.0,
                "emo_sad": 0.0,
                "i": 0.4065179129052406,
                "we": 0.7920379476413425,
                "you": 0.5357102089640259,
                "shehe": 1.0,
                "they": 0.555844539031892,
                "conflict": 0.4375700552069912,
                "want": 1.0,
                "comment_count": 0.00853298326222514
            },
            "away_vals": {
                "tone_pos": 0.44695754483009353,
                "tone_neg": 0.5313998953052207,
                "emotion": 0.7335214343710011,
                "emo_pos": 0.4662378156648105,
                "emo_neg": 0.6525769574773952,
                "emo_anx": 0.3873911384060234,
                "emo_anger": 0.45713020461156006,
                "emo_sad": 1.0,
                "i": 1.0,
                "we": 0.35702346591559686,
                "you": 0.681872662026192,
                "shehe": 0.5328892902837359,
                "they": 0.5768735509087487,
                "conflict": 0.25368472947644044,
                "want": 0.5651022864019255,
                "comment_count": 0.02559894978667542
            },
            "neut_vals": {
                "tone_pos": 0.6967601278878532,
                "tone_neg": 0.6176456022609867,
                "emotion": 0.6651352073653628,
                "emo_pos": 0.45748309924371044,
                "emo_neg": 0.43767528126912386,
                "emo_anx": 0.20346859826474573,
                "emo_anger": 0.08155959701687819,
                "emo_sad": 0.09449904554131443,
                "i": 0.523040935672515,
                "we": 0.3769996145201371,
                "you": 0.76022394132741,
                "shehe": 0.405276736659893,
                "they": 0.9846631223693225,
                "conflict": 0.7065894729988046,
                "want": 0.14562503008423588,
                "comment_count": 0.06153593698720052
            },
            "wp_delta": 0.05340114230000004
        },
        {
            "start_utc": 1699724540,
            "end_utc": 1699726236,
            "home_vals": {
                "tone_pos": 0.6127534221854947,
                "tone_neg": 0.7160168541000823,
                "emotion": 0.7527896094139859,
                "emo_pos": 0.4177130274607243,
                "emo_neg": 0.759103095098636,
                "emo_anx": 0.11913627448805564,
                "emo_anger": 0.3086076834476205,
                "emo_sad": 0.4721854645106778,
                "i": 0.7634827293178575,
                "we": 0.6012873556966101,
                "you": 0.5386577620564719,
                "shehe": 0.4900580747606125,
                "they": 0.6301904947108279,
                "conflict": 0.46449352787290854,
                "want": 0.2445241758892111,
                "comment_count": 0.08007876599934362
            },
            "away_vals": {
                "tone_pos": 0.8870087961703502,
                "tone_neg": 0.7930830488052846,
                "emotion": 0.8235171846407157,
                "emo_pos": 0.6527368414396656,
                "emo_neg": 0.6449308220497609,
                "emo_anx": 0.12950850378205012,
                "emo_anger": 0.6058777347367784,
                "emo_sad": 0.4467580091490571,
                "i": 0.829257998683347,
                "we": 0.5810687211892308,
                "you": 0.9174742832944244,
                "shehe": 0.7349841609992425,
                "they": 0.5927168367263106,
                "conflict": 0.5265192885931789,
                "want": 0.24024293416871512,
                "comment_count": 0.34246800131276667
            },
            "neut_vals": {
                "tone_pos": 0.6841905383387582,
                "tone_neg": 0.7250610350687535,
                "emotion": 0.6454975780993718,
                "emo_pos": 0.40797997492284066,
                "emo_neg": 0.5841220120460957,
                "emo_anx": 0.17053256344619186,
                "emo_anger": 0.4070964447324743,
                "emo_sad": 0.3070392810139789,
                "i": 0.7354449159341307,
                "we": 0.2579284738593382,
                "you": 1.0,
                "shehe": 0.4957030027170504,
                "they": 0.7807532147893962,
                "conflict": 1.0,
                "want": 0.3064301784125987,
                "comment_count": 0.44158188382015096
            },
            "wp_delta": -0.26975241310000003
        },
        {
            "start_utc": 1699726270,
            "end_utc": 1699728435,
            "home_vals": {
                "tone_pos": 0.7062687319809703,
                "tone_neg": 0.8558480801754763,
                "emotion": 0.8528010866413761,
                "emo_pos": 0.41006943995644896,
                "emo_neg": 0.9408247840088266,
                "emo_anx": 1.0,
                "emo_anger": 0.5605824963632648,
                "emo_sad": 0.0,
                "i": 0.7105309306074027,
                "we": 0.7162684450799875,
                "you": 0.9271047766638467,
                "shehe": 0.6115915367478338,