{
    "starting_win_prob": 0.4479389787,
    "game_datapoints": [
        {
            "start_utc": 1699113568,
            "end_utc": 1699114902,
            "home_vals": {
                "tone_pos": 0.4375894152224862,
                "tone_neg": 0.9937076489877875,
                "emotion": 1.0,
                "emo_pos": 0.4689326444021777,
                "emo_neg": 0.8266143933672894,
                "emo_anx": 0.0,
                "emo_anger": 0.0,
                "emo_sad": 0.0,
                "i": 0.22633720994400475,
                "we": 0.7966031483015743,
                "you": 0.18129477504848857,
                "shehe": 0.7083778031401339,
                "they": 0.3672932117986747,
                "conflict": 0.23324255206914576,
                "want": 0.0,
                "comment_count": 0.03102189781021898
            },
            "away_vals": {
                "tone_pos": 0.4575965487857245,
                "tone_neg": 0.3572168078090972,
                "emotion": 0.6497567581048412,
                "emo_pos": 0.5871635977228299,
                "emo_neg": 0.18743435757951143,
                "emo_anx": 0.9316641709215826,
                "emo_anger": 0.12279896262977295,
                "emo_sad": 0.022001877934272298,
                "i": 0.6047455461513989,
                "we": 0.5170524773778097,
                "you": 0.3464729608091842,
                "shehe": 0.4613529103303618,
                "they": 0.6215842698152333,
                "conflict": 0.18573294559240655,
                "want": 0.40352968049185395,
                "comment_count": 0.19434306569343066
            },
            "neut_vals": {
                "tone_pos": 0.2355863575418002,
                "tone_neg": 0.32889941788204513,
                "emotion": 0.47635160621110184,
                "emo_pos": 0.40288568529912294,
                "emo_neg": 0.24876286078484935,
                "emo_anx": 0.0,
                "emo_anger": 0.4942943463033522,
                "emo_sad": 0.0,
                "i": 0.3736682565105196,
                "we": 0.24953954496208022,
                "you": 0.9289263057166824,
                "shehe": 0.16876900891452543,
                "they": 0.784088366217516,
                "conflict": 0.28147870212717285,
                "want": 0.27662346474859206,
                "comment_count": 0.072992700729927
            },
            "wp_delta": -0.13048753149999998
        },
        {
            "start_utc": 1699115291,
            "end_utc": 1699116069,
            "home_vals": {
                "tone_pos": 0.4264249865080986,
                "tone_neg": 0.31535824713914845,
                "emotion": 0.6422958445967184,
                "emo_pos": 0.8306424633823508,
                "emo_neg": 0.1402369318239299,
                "emo_anx": 0.0,
                "emo_anger": 0.4406000504603438,
                "emo_sad": 0.0681679012345679,
                "i": 0.6190787607194362,
                "we": 1.0,
                "you": 0.03927388645394009,
                "shehe": 0.3710277923439958,
                "they": 0.4327428216233551,
                "conflict": 0.5424008428660496,
                "want": 0.13833661306009817,
                "comment_count": 0.032846715328467155
            },
            "away_vals": {
                "tone_pos": 0.3445838570218116,
                "tone_neg": 0.38209008475894407,
                "emotion": 0.49019061552851717,
                "emo_pos": 0.42098908313399735,
                "emo_neg": 0.26396441884013583,
                "emo_anx": 0.5820990256239339,
                "emo_anger": 0.23739852047784155,
                "emo_sad": 0.06858451178451178,
                "i": 0.7352128721319428,
                "we": 0.3055500837190978,
                "you": 0.4980899732973047,
                "shehe": 0.8301910028443853,
                "they": 0.6548615364423825,
                "conflict": 0.09157741922993086,
                "want": 0.24251883015539125,
                "comment_count": 0.24087591240875914
            },
            "neut_vals": {
                "tone_pos": 0.36298357699524164,
                "tone_neg": 0.30831100101889347,
                "emotion": 0.5969571012868227,
                "emo_pos": 0.5251774458010964,
                "emo_neg": 0.3377531068816676,
                "emo_anx": 0.9485238483385295,
                "emo_anger": 0.795476442550116,
                "emo_sad": 0.2008045197740113,
                "i": 0.9547756820903459,
                "we": 0.18890133499825554,
                "you": 0.6114485821776702,
                "shehe": 0.3106147734039622,
                "they": 0.5520105707900353,
                "conflict": 0.011119452328227072,
                "want": 0.8355862046756524,
                "comment_count": 0.053832116788321165
            },
            "wp_delta": 0.0018809436999999707
        },
        {
            "start_utc": 1699116282,
            "end_utc": 1699117469,
            "home_vals": {
                "tone_pos": 0.7500242510773093,
                "tone_neg": 0.7960299865536664,
                "emotion": 0.616142649907303,
                "emo_pos": 1.0,
                "emo_neg": 0.0,
                "emo_anx": 0.0,
                "emo_anger": 0.0,
                "emo_sad": 0.0,
                "i": 0.8047246180673011,
                "we": 0.5141560538849937,
                "you": 0.10664243581167608,
                "shehe": 1.0,
                "they": 0.0,
                "conflict": 0.0,
                "want": 0.0,
                "comment_count": 0.048357664233576646
            },
            "away_vals": {
                "tone_pos": 1.0,
                "tone_neg": 0.7471305183961843,
                "emotion": 0.992867451637108,
                "emo_pos": 0.9445200719711,
                "emo_neg": 0.4210244652761232,
                "emo_anx": 0.0,
                "emo_anger": 0.7252548925197411,
                "emo_sad": 0.10333049645390067,
                "i": 0.9328328048285682,
                "we": 0.33201171019570785,
                "you": 0.3377746606746567,
                "shehe": 0.7555378281582971,
                "they": 0.5625564423647935,
                "conflict": 0.2321744635932778,
                "want": 0.15315914928267108,
                "comment_count": 0.17153284671532848
            },
            "neut_vals": {
                "tone_pos": 0.6727928205576776,
                "tone_neg": 0.5452035227755404,
                "emotion": 0.6282432789658212,
                "emo_pos": 0.486053506076614,
                "emo_neg": 0.36589014190762337,
                "emo_anx": 0.701100518781553,
                "emo_anger": 0.2399177388560079,
                "emo_sad": 0.1729192546583851,
                "i": 0.6194043731757404,
                "we": 0.18052125461800902,
                "you": 0.42664086813729246,
                "shehe": 0.41391603995739773,
                "they": 0.4988982478374446,
                "conflict": 0.10184836972988852,
                "want": 0.09977000468251418,
                "comment_count": 0.1468978102189781
            },
            "wp_delta": 0.029059022699999992
        },
        {
            "start_utc": 1699117604,
            "end_utc": 1699118943,
            "home_vals": {
                "tone_pos": 0.6010768970579334,
                "tone_neg": 0.5386256059067809,
                "emotion": 0.6926247183849145,
                "emo_pos": 0.6148914535873138,
                "emo_neg": 0.14198221776148762,
                "emo_anx": 0.5205851818788209,
                "emo_anger": 0.2342712453312497,
                "emo_sad": 0.0,
                "i": 0.8688563476310724,
                "we": 0.7644183526921818,
                "you": 0.36021848327156747,
                "shehe": 0.2910827916732723,
                "they": 0.3862557915706063,
                "conflict": 0.03725371738629984,