{
    "starting_win_prob": 0.646110177,
    "game_datapoints": [
        {
            "start_utc": 1700340042,
            "end_utc": 1700341494,
            "home_vals": {
                "tone_pos": 0.590343373977021,
                "tone_neg": 0.37240539905400327,
                "emotion": 0.49198130434745235,
                "emo_pos": 0.2762927513335124,
                "emo_neg": 0.34391337923760157,
                "emo_anx": 0.7012526479310831,
                "emo_anger": 0.15816438356164383,
                "emo_sad": 0.36316931506849315,
                "i": 0.35273287504135653,
                "we": 0.7677155929388331,
                "you": 0.20575726027397256,
                "shehe": 0.29206486175529434,
                "they": 0.5370061521900957,
                "conflict": 0.24657559141859553,
                "want": 0.2604286345558992,
                "comment_count": 0.21159420289855072
            },
            "away_vals": {
                "tone_pos": 0.9709862433038623,
                "tone_neg": 0.3086567519601203,
                "emotion": 0.42744135854897525,
                "emo_pos": 0.41100424977350203,
                "emo_neg": 0.1375852959287043,
                "emo_anx": 0.5081443298969072,
                "emo_anger": 0.07170786516853932,
                "emo_sad": 0.07843955056179774,
                "i": 0.5192442113861694,
                "we": 0.48787391267375513,
                "you": 0.24038337078651684,
                "shehe": 0.23882744993954405,
                "they": 0.34231650671258945,
                "conflict": 0.23842216765617263,
                "want": 0.45752990213845596,
                "comment_count": 0.2579710144927536
            },
            "neut_vals": {
                "tone_pos": 0.5461667977721826,
                "tone_neg": 0.39116332276998,
                "emotion": 0.39437880012735654,
                "emo_pos": 0.2472098965676814,
                "emo_neg": 0.30381682312726,
                "emo_anx": 1.0,
                "emo_anger": 0.1079245283018868,
                "emo_sad": 0.06037735849056603,
                "i": 0.4715001818206925,
                "we": 0.36663863618989373,
                "you": 0.36956540880503136,
                "shehe": 0.12459763284306445,
                "they": 0.5760397172732862,
                "conflict": 0.14023642769581582,
                "want": 0.2011183810103469,
                "comment_count": 0.18434782608695652
            },
            "wp_delta": -0.05848383899999998
        },
        {
            "start_utc": 1700341494,
            "end_utc": 1700342672,
            "home_vals": {
                "tone_pos": 0.6487605910583055,
                "tone_neg": 0.6106136721821477,
                "emotion": 0.4835932130728371,
                "emo_pos": 0.2516913299721136,
                "emo_neg": 0.46513237672152796,
                "emo_anx": 0.4621143531022939,
                "emo_anger": 0.07442804428044279,
                "emo_sad": 0.040525461254612545,
                "i": 0.6729946733475628,
                "we": 0.66010841898802,
                "you": 0.35598597785977854,
                "shehe": 0.12849270224985718,
                "they": 0.42792488619337843,
                "conflict": 0.7038974233449743,
                "want": 0.1454291155814784,
                "comment_count": 0.15710144927536232
            },
            "away_vals": {
                "tone_pos": 0.6894165745133674,
                "tone_neg": 0.5549153655468847,
                "emotion": 0.5541355536249418,
                "emo_pos": 0.3372283518980254,
                "emo_neg": 0.5037997093494306,
                "emo_anx": 0.2544231987559753,
                "emo_anger": 0.3060521415270019,
                "emo_sad": 0.902650279329609,
                "i": 0.4138194218238265,
                "we": 0.31984809730860453,
                "you": 0.6167783985102417,
                "shehe": 0.4212818369770818,
                "they": 0.3598037728948455,
                "conflict": 0.3235155511672789,
                "want": 0.27769643178951164,
                "comment_count": 0.31130434782608696
            },
            "neut_vals": {
                "tone_pos": 0.5359951719526439,
                "tone_neg": 0.5217248200685897,
                "emotion": 0.3916037791955238,
                "emo_pos": 0.1947393595658709,
                "emo_neg": 0.3412406921304975,
                "emo_anx": 0.0,
                "emo_anger": 0.13716883116883116,
                "emo_sad": 0.11091116883116882,
                "i": 0.43936341774838966,
                "we": 0.13082442364607338,
                "you": 0.22141142857142856,
                "shehe": 0.27006169683335035,
                "they": 0.22984229140870027,
                "conflict": 0.12575110486968735,
                "want": 0.11352115626309175,
                "comment_count": 0.22318840579710145
            },
            "wp_delta": -0.3269643784
        },
        {
            "start_utc": 1700342672,
            "end_utc": 1700343137,
            "home_vals": {
                "tone_pos": 0.5237019580586656,
                "tone_neg": 0.3434620389676154,
                "emotion": 0.39580042315127967,
                "emo_pos": 0.3936137687265569,
                "emo_neg": 0.1644856044237305,
                "emo_anx": 0.0,
                "emo_anger": 0.13954545454545456,
                "emo_sad": 0.0,
                "i": 0.606633546984852,
                "we": 1.0,
                "you": 0.5186666666666666,
                "shehe": 0.47544341048278055,
                "they": 0.2908418539471635,
                "conflict": 0.49948473834207585,
                "want": 0.15221774193548387,
                "comment_count": 0.15304347826086956
            },
            "away_vals": {
                "tone_pos": 0.8582867479807601,
                "tone_neg": 0.27510527720666245,
                "emotion": 0.4815307466691587,
                "emo_pos": 0.47336358872972534,
                "emo_neg": 0.17037461065746273,
                "emo_anx": 0.57019882179676,
                "emo_anger": 0.13022448979591839,
                "emo_sad": 0.1352620408163265,
                "i": 0.4792687116320053,
                "we": 0.3798461392048602,
                "you": 0.1724530612244898,
                "shehe": 0.5965825700358884,
                "they": 0.37069956772868473,
                "conflict": 0.17970273252417732,
                "want": 0.21914911125740616,
                "comment_count": 0.28405797101449276
            },
            "neut_vals": {
                "tone_pos": 0.5610326430915239,
                "tone_neg": 0.3846642012545695,
                "emotion": 0.31039191059585425,
                "emo_pos": 0.20695071529921802,
                "emo_neg": 0.21775076584878608,
                "emo_anx": 0.0,
                "emo_anger": 0.1097872340425532,
                "emo_sad": 0.18444255319148933,
                "i": 0.2596948918521902,
                "we": 0.10302094803735157,
                "you": 0.33561702127659576,
                "shehe": 0.4479812363880048,
                "they": 0.12863290666766786,
                "conflict": 0.1637959534834263,
                "want": 0.24795169869595066,
                "comment_count": 0.21797101449275363
            },
            "wp_delta": -0.038647293999999985
        },
        {
            "start_utc": 1700343137,
            "end_utc": 1700343882,
            "home_vals": {
                "tone_pos": 0.5461713056982438,
                "tone_neg": 0.5658601652525104,
                "emotion": 0.3011103443949565,
                "emo_pos": 0.0,
                "emo_neg": 0.5224906698094677,
                "emo_anx": 0.0,
                "emo_anger": 1.0,
                "emo_sad": 0.0,
                "i": 0.8375701390583067,
                "we": 0.6727314425502638,