{
    "starting_win_prob": 0.5339412689,
    "game_datapoints": [
        {
            "start_utc": 1696707680,
            "end_utc": 1696708451,
            "home_vals": {
                "tone_pos": 0.5380303007370858,
                "tone_neg": 0.87607130343187,
                "emotion": 0.601801534110293,
                "emo_pos": 0.7008156827399729,
                "emo_neg": 0.2940992215994451,
                "emo_anx": 0.28416832381807683,
                "emo_anger": 0.23218903254569775,
                "emo_sad": 0.0,
                "i": 0.7673579211944884,
                "we": 0.684607606651214,
                "you": 0.30613553113553105,
                "shehe": 0.05381428571428572,
                "they": 0.7446412210666213,
                "conflict": 0.12987012987012986,
                "want": 0.6563071039025427,
                "comment_count": 0.040863981319322826
            },
            "away_vals": {
                "tone_pos": 0.8431108424359893,
                "tone_neg": 0.8599642820977198,
                "emotion": 1.0,
                "emo_pos": 0.9599554648357769,
                "emo_neg": 0.9855017795839404,
                "emo_anx": 0.0,
                "emo_anger": 0.0,
                "emo_sad": 0.0,
                "i": 0.5456341450518815,
                "we": 1.0,
                "you": 0.20002513826043236,
                "shehe": 0.11549019607843136,
                "they": 0.8665232249782007,
                "conflict": 0.0,
                "want": 0.8798156843302518,
                "comment_count": 0.0297723292469352
            },
            "neut_vals": {
                "tone_pos": 0.36197423983290705,
                "tone_neg": 0.2605596023391301,
                "emotion": 0.5026393887036364,
                "emo_pos": 0.48373141054529073,
                "emo_neg": 0.49479789532519897,
                "emo_anx": 0.0,
                "emo_anger": 1.0,
                "emo_sad": 0.0,
                "i": 0.4388258462910626,
                "we": 0.0,
                "you": 0.4457875457875457,
                "shehe": 0.06799999999999999,
                "they": 0.0,
                "conflict": 0.24621212121212116,
                "want": 0.8503435087470784,
                "comment_count": 0.006129597197898424
            },
            "wp_delta": 0.03917324550000001
        },
        {
            "start_utc": 1696708601,
            "end_utc": 1696709527,
            "home_vals": {
                "tone_pos": 0.3951262595809688,
                "tone_neg": 0.5505247629948035,
                "emotion": 0.6917256238025302,
                "emo_pos": 0.5459651979240866,
                "emo_neg": 0.7365467267999709,
                "emo_anx": 1.0,
                "emo_anger": 0.25167905886413644,
                "emo_sad": 0.24797120190123376,
                "i": 0.8724246838079186,
                "we": 0.5456569207832955,
                "you": 0.6048249241797629,
                "shehe": 0.2515698924731183,
                "they": 0.4545395986744239,
                "conflict": 0.47727272727272724,
                "want": 0.6624738113135125,
                "comment_count": 0.0542907180385289
            },
            "away_vals": {
                "tone_pos": 1.0,
                "tone_neg": 0.3495897666854554,
                "emotion": 0.4615582848192047,
                "emo_pos": 0.6235241099594411,
                "emo_neg": 0.1479926607339692,
                "emo_anx": 0.13804071246819338,
                "emo_anger": 0.18089612126616142,
                "emo_sad": 0.07081377151799687,
                "i": 0.5547065905329888,
                "we": 0.4744538369587105,
                "you": 0.7719322344322345,
                "shehe": 0.1287738095238095,
                "they": 0.4555423550772062,
                "conflict": 0.1652462121212121,
                "want": 0.10645229832141086,
                "comment_count": 0.04903677758318739
            },
            "neut_vals": {
                "tone_pos": 0.7208903216909756,
                "tone_neg": 0.4282246952700629,
                "emotion": 0.6338009683668724,
                "emo_pos": 1.0,
                "emo_neg": 0.27599989352417337,
                "emo_anx": 0.0,
                "emo_anger": 0.06506043493337298,
                "emo_sad": 0.17297928119524364,
                "i": 0.6093060454734396,
                "we": 0.1650221435783623,
                "you": 0.3516144349477682,
                "shehe": 0.2207962962962963,
                "they": 0.9608382080015035,
                "conflict": 0.38820496632996626,
                "want": 0.5654437283093703,
                "comment_count": 0.06304728546409807
            },
            "wp_delta": -0.055776893999999966
        },
        {
            "start_utc": 1696709727,
            "end_utc": 1696711639,
            "home_vals": {
                "tone_pos": 0.49246640582342793,
                "tone_neg": 0.4957759524034772,
                "emotion": 0.6040571070119748,
                "emo_pos": 0.636909653451286,
                "emo_neg": 0.44844297536692757,
                "emo_anx": 0.023929823388717856,
                "emo_anger": 0.19974748704653514,
                "emo_sad": 0.358645039814409,
                "i": 0.48337331473127304,
                "we": 0.6935849828039662,
                "you": 0.48144180749222754,
                "shehe": 0.3382617046818728,
                "they": 0.7473875447705334,
                "conflict": 0.33060951653388626,
                "want": 0.27125971856268527,
                "comment_count": 0.2431406888499708
            },
            "away_vals": {
                "tone_pos": 0.5078507641242987,
                "tone_neg": 0.5762709866249651,
                "emotion": 0.5576602784806571,
                "emo_pos": 0.6467575599610917,
                "emo_neg": 0.37596065719003147,
                "emo_anx": 0.08840549887588363,
                "emo_anger": 0.22270535400310337,
                "emo_sad": 0.3527789723533179,
                "i": 0.5874016581919054,
                "we": 0.511252281983029,
                "you": 0.3150045865548422,
                "shehe": 0.38539693356047705,
                "they": 0.542433775810448,
                "conflict": 0.5502168189561717,
                "want": 0.2457864539827142,
                "comment_count": 0.17133683596030355
            },
            "neut_vals": {
                "tone_pos": 0.4368805965973284,
                "tone_neg": 0.6102712403666954,
                "emotion": 0.6041692713562449,
                "emo_pos": 0.6340182947047569,
                "emo_neg": 0.4409476790456853,
                "emo_anx": 0.11620642426882492,
                "emo_anger": 0.3041580986340876,
                "emo_sad": 0.2698876143889522,
                "i": 0.5661179840763702,
                "we": 0.14212927431372768,
                "you": 0.3393566253739834,
                "shehe": 0.3211803278688524,
                "they": 0.6087878388959409,
                "conflict": 0.24572630840711834,
                "want": 0.3055981725248597,
                "comment_count": 0.3026853473438412
            },
            "wp_delta": 0.11289024350000004
        },
        {
            "start_utc": 1696711640,
            "end_utc": 1696712166,
            "home_vals": {
                "tone_pos": 0.7664885754213904,
                "tone_neg": 0.7073481766985058,
                "emotion": 0.4734954506158574,
                "emo_pos": 0.9388012618296531,
                "emo_neg": 0.07154679033309833,
                "emo_anx": 0.0,
                "emo_anger": 0.14459800861940855,
                "emo_sad": 0.0,
                "i": 0.446255064462085,
                "we": 0.2248447950094473,
                "you": 1.0,
                "shehe": 0.14200000000000002,
                "they": 0.4134658303380554,
                "conflict": 0.0,