{
    "starting_win_prob": 0.5334510207,
    "game_datapoints": [
        {
            "start_utc": 1696732897,
            "end_utc": 1696733708,
            "home_vals": {
                "tone_pos": 0.6151024384448013,
                "tone_neg": 0.5372339227752775,
                "emotion": 0.3724094627945781,
                "emo_pos": 0.16029355719647007,
                "emo_neg": 0.9731528223955945,
                "emo_anx": 1.0,
                "emo_anger": 1.0,
                "emo_sad": 0.2883622704451372,
                "i": 1.0,
                "we": 0.449848962582409,
                "you": 0.17576355275438219,
                "shehe": 0.5038868746633651,
                "they": 0.36867501934984526,
                "conflict": 0.1606071351271696,
                "want": 0.23012409654984317,
                "comment_count": 0.053577722946774764
            },
            "away_vals": {
                "tone_pos": 0.8549424263600945,
                "tone_neg": 0.06741234235886152,
                "emotion": 0.4913902229815845,
                "emo_pos": 0.6008249883045299,
                "emo_neg": 0.0,
                "emo_anx": 0.0,
                "emo_anger": 0.0,
                "emo_sad": 0.0,
                "i": 0.5837652537666295,
                "we": 0.8887250384024576,
                "you": 0.06797137865843444,
                "shehe": 0.5209673641871596,
                "they": 0.09531590413943355,
                "conflict": 0.06536821535859072,
                "want": 0.0,
                "comment_count": 0.026436376454000706
            },
            "neut_vals": {
                "tone_pos": 0.46829314994003335,
                "tone_neg": 0.5016881792526056,
                "emotion": 0.4638838154070207,
                "emo_pos": 0.2578282930108727,
                "emo_neg": 0.5934045761489548,
                "emo_anx": 0.5976637810456281,
                "emo_anger": 0.46253061224489794,
                "emo_sad": 0.2580430374383342,
                "i": 0.742845787831343,
                "we": 0.3243760847447483,
                "you": 0.2665893681004147,
                "shehe": 0.4829118772186307,
                "they": 0.37681136050911596,
                "conflict": 0.057671521528469,
                "want": 0.4052644908329736,
                "comment_count": 0.09376101515685584
            },
            "wp_delta": -0.16730648279999993
        },
        {
            "start_utc": 1696733714,
            "end_utc": 1696734719,
            "home_vals": {
                "tone_pos": 0.0587833486345387,
                "tone_neg": 0.427665092074358,
                "emotion": 0.2271151301738778,
                "emo_pos": 0.11634314848840288,
                "emo_neg": 0.5377250376975022,
                "emo_anx": 0.8205345329452236,
                "emo_anger": 0.0,
                "emo_sad": 0.0,
                "i": 0.4584425708651875,
                "we": 0.33246753246753247,
                "you": 0.6563900597930321,
                "shehe": 0.508603722533767,
                "they": 1.0,
                "conflict": 0.0,
                "want": 0.38982291402855973,
                "comment_count": 0.012336975678533662
            },
            "away_vals": {
                "tone_pos": 0.3820571457200017,
                "tone_neg": 1.0,
                "emotion": 0.2156882247075126,
                "emo_pos": 0.16445886414948516,
                "emo_neg": 0.34878384580082616,
                "emo_anx": 0.0,
                "emo_anger": 0.0,
                "emo_sad": 0.33421187144591397,
                "i": 0.7577230552880574,
                "we": 1.0,
                "you": 1.0,
                "shehe": 1.0,
                "they": 0.18631280637254902,
                "conflict": 1.0,
                "want": 0.4567324082912859,
                "comment_count": 0.011279520620373634
            },
            "neut_vals": {
                "tone_pos": 0.39530997232886494,
                "tone_neg": 0.5961033591359655,
                "emotion": 0.5092621304723253,
                "emo_pos": 0.3978304852752734,
                "emo_neg": 0.7652727910806363,
                "emo_anx": 0.24855003657986083,
                "emo_anger": 0.5976537815126051,
                "emo_sad": 0.7982410445489294,
                "i": 0.7356745495465118,
                "we": 0.3341235614480396,
                "you": 0.32894215622928047,
                "shehe": 0.5420497937986863,
                "they": 0.5488093521722415,
                "conflict": 0.05721667790399037,
                "want": 0.3450959000810197,
                "comment_count": 0.05992245329573493
            },
            "wp_delta": -0.20606929069999996
        },
        {
            "start_utc": 1696734791,
            "end_utc": 1696736207,
            "home_vals": {
                "tone_pos": 0.423149909382728,
                "tone_neg": 0.6336454791400605,
                "emotion": 0.5539758262220817,
                "emo_pos": 0.18614064467644678,
                "emo_neg": 1.0,
                "emo_anx": 0.2646202699126753,
                "emo_anger": 0.36560000000000004,
                "emo_sad": 0.38444457895745693,
                "i": 0.7269898044970269,
                "we": 0.6877516371574096,
                "you": 0.22057124288213534,
                "shehe": 0.5289686718706036,
                "they": 0.36934285775713793,
                "conflict": 0.06068404013796853,
                "want": 0.25278660991767565,
                "comment_count": 0.1339443073669369
            },
            "away_vals": {
                "tone_pos": 1.0,
                "tone_neg": 0.6689077684738097,
                "emotion": 1.0,
                "emo_pos": 1.0,
                "emo_neg": 0.7576032550304591,
                "emo_anx": 0.05581867571055943,
                "emo_anger": 0.4578359017076218,
                "emo_sad": 1.0,
                "i": 0.9808867018431817,
                "we": 0.7198955469434167,
                "you": 0.42990869773342405,
                "shehe": 0.33967619647304687,
                "they": 0.4480125383486728,
                "conflict": 0.07172792244780617,
                "want": 0.7689887043633178,
                "comment_count": 0.12090236164962989
            },
            "neut_vals": {
                "tone_pos": 0.823082930849061,
                "tone_neg": 0.5220175379879038,
                "emotion": 0.6390265499727924,
                "emo_pos": 0.5166702294834902,
                "emo_neg": 0.6897609329804497,
                "emo_anx": 0.20367048928073372,
                "emo_anger": 0.616832670325797,
                "emo_sad": 0.5632994831953877,
                "i": 0.9701162305086855,
                "we": 0.2954199540780094,
                "you": 0.19380142098860645,
                "shehe": 0.46696560684089056,
                "they": 0.6617467072600397,
                "conflict": 0.053488159861964285,
                "want": 0.2156873763111896,
                "comment_count": 1.0
            },
            "wp_delta": -0.13792043920000002
        },
        {
            "start_utc": 1696736249,
            "end_utc": 1696737311,
            "home_vals": {
                "tone_pos": 0.7175279852041652,
                "tone_neg": 0.257859888612181,
                "emotion": 0.317409103847466,
                "emo_pos": 0.2799693326362845,
                "emo_neg": 0.3994394325332415,
                "emo_anx": 0.2453829090825136,
                "emo_anger": 0.39552061361457336,
                "emo_sad": 0.0,
                "i": 0.7065202571799031,
                "we": 0.742680571214886,
                "you": 0.275128757008819,
                "shehe": 0.16250898254541501,
                "they": 0.7855885642847743,
                "conflict": 0.09681247691466606,
                "want": 0.29392733226739104,