{
    "starting_win_prob": 0.4501535892,
    "game_datapoints": [
        {
            "start_utc": 1697942802,
            "end_utc": 1697943587,
            "home_vals": {
                "tone_pos": 0.0,
                "tone_neg": 0.0,
                "emotion": 0.0,
                "emo_pos": 0.0,
                "emo_neg": 0.0,
                "emo_anx": 0.0,
                "emo_anger": 0.0,
                "emo_sad": 0.0,
                "i": 0.0,
                "we": 0.0,
                "you": 0.0,
                "shehe": 0.0,
                "they": 0.0,
                "conflict": 0.0,
                "want": 0.0,
                "comment_count": 0.005671077504725898
            },
            "away_vals": {
                "tone_pos": 0.0,
                "tone_neg": 0.0,
                "emotion": 0.0,
                "emo_pos": 0.0,
                "emo_neg": 0.0,
                "emo_anx": 0.0,
                "emo_anger": 0.0,
                "emo_sad": 0.0,
                "i": 0.0,
                "we": 0.0,
                "you": 0.0,
                "shehe": 0.0,
                "they": 0.0,
                "conflict": 0.0,
                "want": 0.0,
                "comment_count": 0.0
            },
            "neut_vals": {
                "tone_pos": 0.0,
                "tone_neg": 0.0,
                "emotion": 0.0,
                "emo_pos": 0.0,
                "emo_neg": 0.0,
                "emo_anx": 0.0,
                "emo_anger": 0.0,
                "emo_sad": 0.0,
                "i": 0.0,
                "we": 0.0,
                "you": 0.0,
                "shehe": 0.0,
                "they": 0.0,
                "conflict": 0.0,
                "want": 0.0,
                "comment_count": 0.0
            },
            "wp_delta": -0.0716081857
        },
        {
            "start_utc": 1697943588,
            "end_utc": 1697944704,
            "home_vals": {
                "tone_pos": 0.37704463154835716,
                "tone_neg": 0.443336868770669,
                "emotion": 0.3610278600436255,
                "emo_pos": 0.3426477086636688,
                "emo_neg": 0.20879695028736187,
                "emo_anx": 0.25505419043741223,
                "emo_anger": 0.0,
                "emo_sad": 0.0,
                "i": 0.30523879589128355,
                "we": 0.09668846341340417,
                "you": 1.0,
                "shehe": 0.37764314312685127,
                "they": 0.27515257192676545,
                "conflict": 0.48566797751766866,
                "want": 0.5125935483870968,
                "comment_count": 0.11720226843100189
            },
            "away_vals": {
                "tone_pos": 0.5426966597020595,
                "tone_neg": 0.0,
                "emotion": 0.7718526663001649,
                "emo_pos": 0.43647596024711255,
                "emo_neg": 0.0,
                "emo_anx": 0.0,
                "emo_anger": 0.0,
                "emo_sad": 0.0,
                "i": 0.5388366516690465,
                "we": 1.0,
                "you": 0.4053050508853955,
                "shehe": 0.0,
                "they": 0.0,
                "conflict": 0.0,
                "want": 1.0,
                "comment_count": 0.017013232514177693
            },
            "neut_vals": {
                "tone_pos": 0.18664423520473228,
                "tone_neg": 0.7821612273855978,
                "emotion": 0.5224299065420561,
                "emo_pos": 0.16530217566478647,
                "emo_neg": 1.0,
                "emo_anx": 0.0,
                "emo_anger": 0.0,
                "emo_sad": 0.0,
                "i": 0.2334240375030309,
                "we": 0.0,
                "you": 0.06215758260378425,
                "shehe": 0.0,
                "they": 1.0,
                "conflict": 0.0,
                "want": 0.37872000000000006,
                "comment_count": 0.03780718336483932
            },
            "wp_delta": 0.016789913200000006
        },
        {
            "start_utc": 1697944767,
            "end_utc": 1697945931,
            "home_vals": {
                "tone_pos": 0.7653489035183366,
                "tone_neg": 0.6522108764572488,
                "emotion": 0.5322794969139978,
                "emo_pos": 0.45102454953149596,
                "emo_neg": 0.479401501898573,
                "emo_anx": 0.8004375006033083,
                "emo_anger": 0.528588647406682,
                "emo_sad": 0.6626097050066208,
                "i": 0.44451146205708364,
                "we": 0.09695658460858488,
                "you": 0.32207109635173714,
                "shehe": 0.2803979268917642,
                "they": 0.557435970001415,
                "conflict": 0.715626872277201,
                "want": 0.22614031413612565,
                "comment_count": 0.3610586011342155
            },
            "away_vals": {
                "tone_pos": 0.913667397915627,
                "tone_neg": 0.365104919911589,
                "emotion": 1.0,
                "emo_pos": 1.0,
                "emo_neg": 0.35285250642179256,
                "emo_anx": 0.0,
                "emo_anger": 1.0,
                "emo_sad": 0.6093057695293372,
                "i": 0.5697741652694908,
                "we": 0.5302521345251934,
                "you": 0.40383348177756545,
                "shehe": 0.16040259773862192,
                "they": 0.19805959805959802,
                "conflict": 0.0,
                "want": 0.6947076923076922,
                "comment_count": 0.07372400756143667
            },
            "neut_vals": {
                "tone_pos": 0.5413489075066766,
                "tone_neg": 0.7386619907202875,
                "emotion": 0.2629402658374284,
                "emo_pos": 0.08078286361187051,
                "emo_neg": 0.48163373460277253,
                "emo_anx": 0.5774301691532245,
                "emo_anger": 0.2607803327889835,
                "emo_sad": 1.0,
                "i": 0.264861685094274,
                "we": 0.025296917809314035,
                "you": 0.35340611209962874,
                "shehe": 0.2130837042585726,
                "they": 0.19054883103962858,
                "conflict": 1.0,
                "want": 0.4975509202453987,
                "comment_count": 0.30812854442344045
            },
            "wp_delta": -0.005292117600000035
        },
        {
            "start_utc": 1697946020,
            "end_utc": 1697946921,
            "home_vals": {
                "tone_pos": 0.23391345497120483,
                "tone_neg": 1.0,
                "emotion": 0.6051691537014624,
                "emo_pos": 0.206398716498701,
                "emo_neg": 0.532117791688299,
                "emo_anx": 1.0,
                "emo_anger": 0.9086201890505533,
                "emo_sad": 0.0,
                "i": 0.33946419098207326,
                "we": 0.12105099582415171,
                "you": 0.48697238287850775,
                "shehe": 1.0,
                "they": 0.14892740273906194,
                "conflict": 0.7346195303212762,
                "want": 0.183390134529148,
                "comment_count": 0.4215500945179584
            },
            "away_vals": {
                "tone_pos": 1.0,
                "tone_neg": 0.6645733563911554,
                "emotion": 0.23227047828477188,
                "emo_pos": 0.07948227236099921,
                "emo_neg": 0.4331633673265346,
                "emo_anx": 0.0,
                "emo_anger": 0.0,
                "emo_sad": 0.3685277907157274,
                "i": 1.0,
                "we": 0.15027357998957794,
                "you": 0.9486570021023564,
                "shehe": 0.3907469307097209,
                "they": 0.05630630630630631,
                "conflict": 0.732281483611271,
                "want": 0.0,
                "comment_count": 0.09073724007561437
            },
            "neut_vals": {
                "tone_pos": 0.37072193582463225,